global_step,episode,return,SNR,EmaSNR,AdamPlusSNR,m,v,g,pwr_noise,runtime,lr
543,0,20.0,,,,,,,,0.8360822200775146,0.0001
1050,1,60.0,,,,,,,,1.487138032913208,0.0001
1527,2,100.0,,,,,,,,2.3278002738952637,0.0001
1907,3,20.0,,,,,,,,2.811077356338501,0.0001
2504,4,100.0,,,,,,,,3.5701375007629395,0.0001
3089,5,60.0,,,,,,,,4.304929494857788,0.0001
3496,6,20.0,,,,,,,,4.82232928276062,0.0001
3988,7,40.0,,,,,,,,5.449759244918823,0.0001
4420,8,40.0,,,,,,,,6.05370569229126,0.0001
4942,9,60.0,,,,,,,,6.728239059448242,0.0001
5703,10,200.0,,,,,,,,7.693067789077759,0.0001
6077,11,20.0,,,,,,,,8.169766187667847,0.0001
6429,12,0.0,,,,,,,,8.618912696838379,0.0001
6878,13,60.0,,,,,,,,9.195778131484985,0.0001
7466,14,120.0,,,,,,,,9.94424319267273,0.0001
8071,15,100.0,,,,,,,,10.728667736053467,0.0001
8679,16,140.0,,,,,,,,11.500185489654541,0.0001
9167,17,60.0,,,,,,,,12.120003700256348,0.0001
10140,18,220.0,,,,,,,,13.348010778427124,0.0001
10723,19,100.0,,,,,,,,14.092609167098999,0.0001
11125,20,20.0,,,,,,,,14.608485698699951,0.0001
11706,21,100.0,,,,,,,,15.43944001197815,0.0001
12281,22,80.0,,,,,,,,16.175265550613403,0.0001
12733,23,60.0,,,,,,,,16.756895303726196,0.0001
13233,24,100.0,,,,,,,,17.47988510131836,0.0001
13771,25,120.0,,,,,,,,18.17102551460266,0.0001
14313,26,160.0,,,,,,,,18.876424074172974,0.0001
14786,27,80.0,,,,,,,,19.49200415611267,0.0001
15122,28,0.0,,,,,,,,19.922052145004272,0.0001
15538,29,40.0,,,,,,,,20.45651912689209,0.0001
16417,30,200.0,,,,,,,,21.675713539123535,0.0001
16936,31,80.0,,,,,,,,22.334141969680786,0.0001
17505,32,100.0,,,,,,,,23.10850691795349,0.0001
17947,33,60.0,,,,,,,,23.757611751556396,0.0001
18332,34,40.0,,,,,,,,24.257333278656006,0.0001
18665,35,0.0,,,,,,,,24.68956756591797,0.0001
19042,36,20.0,,,,,,,,25.17924475669861,0.0001
19453,37,60.0,,,,,,,,25.721534729003906,0.0001
19937,38,80.0,,,,,,,,26.34848642349243,0.0001
20344,39,60.0,,,,,,,,26.872838020324707,0.0001
20842,40,40.0,,,,,,,,27.53956627845764,0.0001
21671,41,200.0,,,,,,,,28.599363088607788,0.0001
22148,42,40.0,,,,,,,,29.215688228607178,0.0001
22627,43,40.0,,,,,,,,29.83240294456482,0.0001
23153,44,80.0,,,,,,,,30.520729303359985,0.0001
23770,45,100.0,,,,,,,,31.3209331035614,0.0001
24288,46,100.0,,,,,,,,32.000792503356934,0.0001
24765,47,100.0,,,,,,,,32.61952471733093,0.0001
25362,48,140.0,,,,,,,,33.398534536361694,0.0001
25768,49,60.0,,,,,,,,33.93028974533081,0.0001
26236,50,80.0,,,,,,,,34.539742946624756,0.0001
26623,51,40.0,,,,,,,,35.047022342681885,0.0001
27233,52,80.0,,,,,,,,35.87427592277527,0.0001
27950,53,180.0,,,,,,,,36.91096830368042,0.0001
28327,54,20.0,,,,,,,,37.45917320251465,0.0001
28766,55,40.0,,,,,,,,38.077584981918335,0.0001
29241,56,80.0,,,,,,,,38.76023840904236,0.0001
30104,57,260.0,,,,,,,,40.04150581359863,0.0001
30667,58,20.0,,,,,,,,40.87224507331848,0.0001
31061,59,20.0,,,,,,,,41.443939208984375,0.0001
31853,60,180.0,,,,,,,,42.58540678024292,0.0001
32649,61,200.0,,,,,,,,43.72396540641785,0.0001
33155,62,60.0,,,,,,,,44.504074811935425,0.0001
33748,63,120.0,,,,,,,,45.37320399284363,0.0001
34164,64,20.0,,,,,,,,45.94062304496765,0.0001
34590,65,40.0,,,,,,,,46.497748136520386,0.0001
34868,66,0.0,,,,,,,,46.8663854598999,0.0001
35344,67,40.0,,,,,,,,47.55525875091553,0.0001
36170,68,220.0,,,,,,,,48.680577754974365,0.0001
36540,69,0.0,,,,,,,,49.16191864013672,0.0001
36884,70,20.0,,,,,,,,49.61327791213989,0.0001
37514,71,80.0,,,,,,,,50.43442916870117,0.0001
37998,72,80.0,,,,,,,,51.065165281295776,0.0001
38546,73,100.0,,,,,,,,51.78081703186035,0.0001
39010,74,20.0,,,,,,,,52.41967439651489,0.0001
39624,75,80.0,,,,,,,,53.33370327949524,0.0001
40215,76,60.0,,,,,,,,54.09580755233765,0.0001
40675,77,60.0,,,,,,,,54.69662928581238,0.0001
41262,78,80.0,,,,,,,,55.52381467819214,0.0001
41839,79,80.0,,,,,,,,56.27313804626465,0.0001
42370,80,120.0,,,,,,,,57.06082487106323,0.0001
42847,81,80.0,,,,,,,,57.72293519973755,0.0001
43184,82,0.0,,,,,,,,58.16883301734924,0.0001
44383,83,200.0,,,,,,,,59.748886823654175,0.0001
44783,84,40.0,,,,,,,,60.31066703796387,0.0001
45248,85,40.0,,,,,,,,60.9968581199646,0.0001
45869,86,120.0,,,,,,,,61.90699481964111,0.0001
46488,87,100.0,,,,,,,,62.799224615097046,0.0001
46978,88,20.0,,,,,,,,63.5234432220459,0.0001
47368,89,20.0,,,,,,,,64.10894060134888,0.0001
48200,90,220.0,,,,,,,,65.33299827575684,0.0001
48861,91,80.0,,,,,,,,66.28871750831604,0.0001
50041,92,320.0,,,,,,,,67.98950672149658,0.0001
50686,93,100.0,,,,,,,,68.91447424888611,0.0001
51344,94,140.0,,,,,,,,69.89414978027344,0.0001
51719,95,60.0,,,,,,,,70.45605516433716,0.0001
52085,96,20.0,,,,,,,,70.98800230026245,0.0001
52601,97,80.0,,,,,,,,71.74810266494751,0.0001
53355,98,200.0,,,,,,,,72.8309874534607,0.0001
53713,99,0.0,,,,,,,,73.35817861557007,0.0001
54219,100,80.0,,,,,,,,74.11722302436829,0.0001
54826,101,60.0,,,,,,,,75.00967693328857,0.0001
55213,102,60.0,,,,,,,,75.57139730453491,0.0001
55693,103,120.0,,,,,,,,76.28410220146179,0.0001
56081,104,20.0,,,,,,,,76.86577820777893,0.0001
56813,105,120.0,,,,,,,,77.94507551193237,0.0001
57211,106,40.0,,,,,,,,78.49675989151001,0.0001
57707,107,60.0,,,,,,,,79.14913082122803,0.0001
58283,108,80.0,,,,,,,,79.91341733932495,0.0001
58830,109,100.0,,,,,,,,80.64167904853821,0.0001
59549,110,100.0,,,,,,,,81.58605074882507,0.0001
60210,111,120.0,,,,,,,,82.47409844398499,0.0001
60747,112,80.0,,,,,,,,83.24546980857849,0.0001
61547,113,180.0,,,,,,,,84.30045366287231,0.0001
61931,114,40.0,,,,,,,,84.81266069412231,0.0001
62472,115,120.0,,,,,,,,85.52763843536377,0.0001
62847,116,40.0,,,,,,,,86.09204816818237,0.0001
63506,117,120.0,,,,,,,,87.08639693260193,0.0001
63950,118,60.0,,,,,,,,87.72079849243164,0.0001
64636,119,140.0,,,,,,,,88.6922562122345,0.0001
65495,120,180.0,,,,,,,,89.8352324962616,0.0001
65824,121,0.0,,,,,,,,90.29590439796448,0.0001
66227,122,60.0,,,,,,,,90.8675467967987,0.0001
66938,123,160.0,,,,,,,,91.94008088111877,0.0001
67416,124,60.0,,,,,,,,92.667564868927,0.0001
68308,125,260.0,,,,,,,,94.00122094154358,0.0001
68700,126,20.0,,,,,,,,94.53254747390747,0.0001
69221,127,80.0,,,,,,,,95.32176399230957,0.0001
69661,128,80.0,,,,,,,,95.91071224212646,0.0001
70031,129,40.0,,,,,,,,96.40492725372314,0.0001
70421,130,20.0,,,,,,,,96.92982864379883,0.0001
71062,131,120.0,,,,,,,,97.78235507011414,0.0001
71404,132,0.0,,,,,,,,98.24692821502686,0.0001
71877,133,80.0,,,,,,,,98.89038062095642,0.0001
72386,134,80.0,,,,,,,,99.58658480644226,0.0001
72816,135,40.0,,,,,,,,100.16452264785767,0.0001
73293,136,60.0,,,,,,,,100.80501294136047,0.0001
73775,137,80.0,,,,,,,,101.45316243171692,0.0001
74181,138,60.0,,,,,,,,101.99674463272095,0.0001
74729,139,60.0,,,,,,,,102.7292652130127,0.0001
75428,140,160.0,,,,,,,,103.68304324150085,0.0001
76160,141,180.0,,,,,,,,104.6596999168396,0.0001
76716,142,120.0,,,,,,,,105.39948463439941,0.0001
77366,143,120.0,,,,,,,,106.26664400100708,0.0001
77837,144,60.0,,,,,,,,106.90735268592834,0.0001
78218,145,40.0,,,,,,,,107.48724365234375,0.0001
79250,146,200.0,,,,,,,,109.02456879615784,0.0001
79613,147,0.0,,,,,,,,109.52071166038513,0.0001
80150,148,60.0,,,,,,,,110.23694157600403,0.0001
80562,149,60.0,,,,,,,,110.79636740684509,0.0001
81192,150,100.0,,,,,,,,111.72039723396301,0.0001
81775,151,120.0,,,,,,,,112.54436373710632,0.0001
82281,152,100.0,,,,,,,,113.26485753059387,0.0001
82922,153,140.0,,,,,,,,114.2000150680542,0.0001
83309,154,20.0,,,,,,,,114.7288703918457,0.0001
83881,155,80.0,,,,,,,,115.56100082397461,0.0001
84300,156,60.0,,,,,,,,116.14368414878845,0.0001
84665,157,20.0,,,,,,,,116.64996075630188,0.0001
85263,158,120.0,,,,,,,,117.52021074295044,0.0001
85843,159,80.0,,,,,,,,118.33223605155945,0.0001
86187,160,20.0,,,,,,,,118.81134986877441,0.0001
87087,161,200.0,,,,,,,,120.18933415412903,0.0001
87419,162,0.0,,,,,,,,120.67896890640259,0.0001
87918,163,80.0,,,,,,,,121.44088673591614,0.0001
88412,164,20.0,,,,,,,,122.14150881767273,0.0001
89178,165,140.0,,,,,,,,123.23653030395508,0.0001
89735,166,120.0,,,,,,,,124.10109663009644,0.0001
90189,167,80.0,,,,,,,,124.74490737915039,0.0001
90645,168,40.0,,,,,,,,125.44024705886841,0.0001
91047,169,60.0,,,,,,,,126.0661690235138,0.0001
91450,170,20.0,,,,,,,,126.69019436836243,0.0001
91945,171,80.0,,,,,,,,127.44296288490295,0.0001
92490,172,140.0,,,,,,,,128.30621695518494,0.0001
92942,173,60.0,,,,,,,,129.02085328102112,0.0001
93625,174,120.0,,,,,,,,130.07999086380005,0.0001
94291,175,100.0,,,,,,,,131.0462794303894,0.0001
94824,176,60.0,,,,,,,,131.784038066864,0.0001
95162,177,20.0,,,,,,,,132.29078841209412,0.0001
95566,178,40.0,,,,,,,,132.93155217170715,0.0001
95982,179,20.0,,,,,,,,133.59777331352234,0.0001
96489,180,40.0,,,,,,,,134.39434909820557,0.0001
96943,181,0.0,,,,,,,,135.10973453521729,0.0001
97250,182,0.0,,,,,,,,135.58497405052185,0.0001
97636,183,40.0,,,,,,,,136.15212535858154,0.0001
98254,184,60.0,,,,,,,,137.04447841644287,0.0001
98799,185,80.0,,,,,,,,137.93967580795288,0.0001
99671,186,240.0,,,,,,,,139.35279631614685,0.0001
100035,187,20.0,,,,,,,,140.27924036979675,0.0001
100732,188,140.0,,,,,,,,143.12157678604126,0.0001
101269,189,100.0,,,,,,,,145.3718945980072,0.0001
101801,190,100.0,,,,,,,,147.61795115470886,0.0001
102167,191,20.0,,,,,,,,149.13334822654724,0.0001
102625,192,100.0,,,,,,,,151.0519142150879,0.0001
103333,193,180.0,,,,,,,,153.92329263687134,0.0001
103943,194,100.0,,,,,,,,156.3949055671692,0.0001
104543,195,80.0,,,,,,,,158.91171431541443,0.0001
105147,196,140.0,,,,,,,,161.39069724082947,0.0001
105752,197,100.0,,,,,,,,163.91958165168762,0.0001
106094,198,0.0,,,,,,,,165.3512270450592,0.0001
106750,199,140.0,,,,,,,,168.13854575157166,0.0001
107194,200,40.0,,,,,,,,169.99208736419678,0.0001
107596,201,0.0,,,,,,,,171.65642499923706,0.0001
108187,202,40.0,,,,,,,,174.15178418159485,0.0001
108589,203,20.0,,,,,,,,175.90396404266357,0.0001
108892,204,0.0,,,,,,,,177.18997240066528,0.0001
109316,205,40.0,,,,,,,,178.95130348205566,0.0001
109788,206,120.0,,,,,,,,180.94246172904968,0.0001
110356,207,120.0,,,,,,,,183.3240942955017,0.0001
111148,208,100.0,,,,,,,,186.64854884147644,0.0001
111707,209,60.0,,,,,,,,188.98509621620178,0.0001
112360,210,120.0,,,,,,,,191.70402669906616,0.0001
112741,211,40.0,,,,,,,,193.32047629356384,0.0001
113091,212,0.0,,,,,,,,194.7631983757019,0.0001
114063,213,300.0,,,,,,,,198.69786953926086,0.0001
114397,214,0.0,,,,,,,,200.0235538482666,0.0001
114760,215,20.0,,,,,,,,201.43896174430847,0.0001
115352,216,80.0,,,,,,,,203.81235790252686,0.0001
115976,217,200.0,,,,,,,,206.2794783115387,0.0001
116491,218,140.0,,,,,,,,208.30138397216797,0.0001
116948,219,60.0,,,,,,,,210.11911535263062,0.0001
117273,220,0.0,,,,,,,,211.47424721717834,0.0001
117664,221,20.0,,,,,,,,213.09196305274963,0.0001
118108,222,40.0,,,,,,,,214.97895693778992,0.0001
118678,223,100.0,,,,,,,,217.36495184898376,0.0001
119017,224,40.0,,,,,,,,218.78677415847778,0.0001
119441,225,20.0,,,,,,,,220.5585880279541,0.0001
119856,226,40.0,,,,,,,,222.31278252601624,0.0001
120418,227,40.0,,,,,,,,224.63901734352112,0.0001
120857,228,80.0,,,,,,,,226.41069555282593,0.0001
121514,229,100.0,,,,,,,,229.12776589393616,0.0001
122387,230,200.0,,,,,,,,232.7796449661255,0.0001
122811,231,80.0,,,,,,,,234.54840564727783,0.0001
123178,232,40.0,,,,,,,,236.0731761455536,0.0001
123768,233,100.0,,,,,,,,238.5553047657013,0.0001
124322,234,140.0,,,,,,,,240.89392590522766,0.0001
124699,235,60.0,,,,,,,,242.48552656173706,0.0001
125378,236,160.0,,,,,,,,245.46178579330444,0.0001
125998,237,160.0,,,,,,,,248.23229265213013,0.0001
126348,238,20.0,,,,,,,,249.7543923854828,0.0001
126942,239,160.0,,,,,,,,252.26100325584412,0.0001
127428,240,80.0,,,,,,,,254.20470881462097,0.0001
127822,241,60.0,,,,,,,,255.78397226333618,0.0001
128711,242,200.0,,,,,,,,259.42373609542847,0.0001
129155,243,80.0,,,,,,,,261.2744810581207,0.0001
130081,244,240.0,,,,,,,,265.16583585739136,0.0001
130510,245,80.0,,,,,,,,266.911922454834,0.0001
130939,246,60.0,,,,,,,,268.69828367233276,0.0001
131459,247,120.0,,,,,,,,270.88068890571594,0.0001
131899,248,20.0,,,,,,,,272.69293999671936,0.0001
132590,249,160.0,,,,,,,,275.5669586658478,0.0001
133176,250,100.0,,,,,,,,277.9452967643738,0.0001
134035,251,180.0,,,,,,,,281.4757618904114,0.0001
134766,252,100.0,,,,,,,,284.5252568721771,0.0001
135086,253,0.0,,,,,,,,285.8306827545166,0.0001
135483,254,40.0,,,,,,,,287.4893774986267,0.0001
135882,255,40.0,,,,,,,,289.1300196647644,0.0001
136439,256,120.0,,,,,,,,291.3972268104553,0.0001
137049,257,140.0,,,,,,,,293.8603935241699,0.0001
137624,258,140.0,,,,,,,,296.1392557621002,0.0001
137975,259,0.0,,,,,,,,297.5522720813751,0.0001
138471,260,100.0,,,,,,,,299.5346899032593,0.0001
139086,261,100.0,,,,,,,,302.056405544281,0.0001
139580,262,60.0,,,,,,,,304.10657143592834,0.0001
140156,263,120.0,,,,,,,,306.4939410686493,0.0001
140549,264,20.0,,,,,,,,308.0798673629761,0.0001
141121,265,100.0,,,,,,,,310.38291907310486,0.0001
141499,266,40.0,,,,,,,,311.8950684070587,0.0001
141913,267,20.0,,,,,,,,313.53388237953186,0.0001
142382,268,80.0,,,,,,,,315.38625860214233,0.0001
142851,269,80.0,,,,,,,,317.2845754623413,0.0001
143675,270,160.0,,,,,,,,320.6390404701233,0.0001
144074,271,40.0,,,,,,,,322.28489565849304,0.0001
144415,272,40.0,,,,,,,,323.67297983169556,0.0001
145562,273,360.0,,,,,,,,328.1857671737671,0.0001
145876,274,20.0,,,,,,,,329.41308879852295,0.0001
146533,275,60.0,,,,,,,,332.0510182380676,0.0001
147007,276,100.0,,,,,,,,333.9616045951843,0.0001
147951,277,260.0,,,,,,,,337.71835684776306,0.0001
148631,278,160.0,,,,,,,,340.51205945014954,0.0001
148967,279,0.0,,,,,,,,341.9042069911957,0.0001
149725,280,180.0,,,,,,,,344.9028158187866,0.0001
150212,281,40.0,,,,,,,,346.78555154800415,0.0001
150912,282,140.0,,,,,,,,349.6501166820526,0.0001
151470,283,120.0,,,,,,,,351.9683256149292,0.0001
152567,284,260.0,,,,,,,,356.41536355018616,0.0001
152933,285,0.0,,,,,,,,357.91789722442627,0.0001
153352,286,40.0,,,,,,,,359.6289064884186,0.0001
153734,287,40.0,,,,,,,,361.154550075531,0.0001
154369,288,120.0,,,,,,,,363.68589544296265,0.0001
154835,289,20.0,,,,,,,,365.5130784511566,0.0001
155449,290,140.0,,,,,,,,367.96790885925293,0.0001
156159,291,160.0,,,,,,,,370.7953505516052,0.0001
156595,292,80.0,,,,,,,,372.5172629356384,0.0001
156942,293,20.0,,,,,,,,373.9203984737396,0.0001
157511,294,120.0,,,,,,,,376.2109582424164,0.0001
158201,295,160.0,,,,,,,,378.9718873500824,0.0001
158594,296,40.0,,,,,,,,380.59139704704285,0.0001
158956,297,40.0,,,,,,,,382.0434741973877,0.0001
159562,298,120.0,,,,,,,,384.4481031894684,0.0001
159979,299,40.0,,,,,,,,386.1142358779907,0.0001
160361,300,0.0,,,,,,,,387.6673593521118,0.0001
160863,301,120.0,,,,,,,,389.7320261001587,0.0001
161724,302,240.0,,,,,,,,393.17944717407227,0.0001
162891,303,380.0,,,,,,,,397.9831244945526,0.0001
163475,304,180.0,,,,,,,,400.39060735702515,0.0001
164042,305,100.0,,,,,,,,402.718549489975,0.0001
164789,306,160.0,,,,,,,,405.5942461490631,0.0001
165266,307,120.0,,,,,,,,407.42830777168274,0.0001
165735,308,60.0,,,,,,,,409.2096219062805,0.0001
166168,309,40.0,,,,,,,,410.89101338386536,0.0001
166508,310,20.0,,,,,,,,412.2377531528473,0.0001
166970,311,100.0,,,,,,,,414.04139590263367,0.0001
167525,312,60.0,,,,,,,,416.27125573158264,0.0001
168151,313,100.0,,,,,,,,418.82403230667114,0.0001
169021,314,180.0,,,,,,,,422.36782789230347,0.0001
169629,315,120.0,,,,,,,,424.7848641872406,0.0001
170251,316,120.0,,,,,,,,427.24498772621155,0.0001
170615,317,0.0,,,,,,,,428.7056109905243,0.0001
171076,318,40.0,,,,,,,,430.4688642024994,0.0001
171538,319,100.0,,,,,,,,432.26612162590027,0.0001
171973,320,40.0,,,,,,,,433.93890738487244,0.0001
172501,321,80.0,,,,,,,,435.96995639801025,0.0001
173283,322,180.0,,,,,,,,438.9317932128906,0.0001
173674,323,40.0,,,,,,,,440.4349331855774,0.0001
174073,324,40.0,,,,,,,,441.98680114746094,0.0001
174698,325,120.0,,,,,,,,444.3915090560913,0.0001
175112,326,40.0,,,,,,,,445.9890434741974,0.0001
175440,327,0.0,,,,,,,,447.24994111061096,0.0001
176019,328,80.0,,,,,,,,449.5130252838135,0.0001
176911,329,200.0,,,,,,,,452.95743322372437,0.0001
177247,330,0.0,,,,,,,,454.2416853904724,0.0001
177692,331,60.0,,,,,,,,455.96645879745483,0.0001
178048,332,0.0,,,,,,,,457.33670687675476,0.0001
178783,333,180.0,,,,,,,,460.18370938301086,0.0001
179380,334,160.0,,,,,,,,462.47162342071533,0.0001
179963,335,100.0,,,,,,,,464.772390127182,0.0001
180491,336,80.0,,,,,,,,466.81800413131714,0.0001
181077,337,80.0,,,,,,,,469.1134090423584,0.0001
181696,338,120.0,,,,,,,,471.46322655677795,0.0001
182441,339,160.0,,,,,,,,474.32971477508545,0.0001
183088,340,180.0,,,,,,,,476.8527545928955,0.0001
183909,341,160.0,,,,,,,,480.0041084289551,0.0001
184418,342,100.0,,,,,,,,481.9899516105652,0.0001
184855,343,60.0,,,,,,,,483.6805555820465,0.0001
185348,344,60.0,,,,,,,,485.58203506469727,0.0001
185790,345,40.0,,,,,,,,487.2994005680084,0.0001
186365,346,100.0,,,,,,,,489.50603556632996,0.0001
186896,347,80.0,,,,,,,,491.5699441432953,0.0001
187371,348,60.0,,,,,,,,493.3918945789337,0.0001
187866,349,60.0,,,,,,,,495.3361728191376,0.0001
188376,350,80.0,,,,,,,,497.30865573883057,0.0001
189006,351,120.0,,,,,,,,499.7563874721527,0.0001
189516,352,80.0,,,,,,,,501.7036590576172,0.0001
190032,353,100.0,,,,,,,,503.7121031284332,0.0001
190700,354,140.0,,,,,,,,506.3050994873047,0.0001
191325,355,140.0,,,,,,,,508.7280306816101,0.0001
191838,356,60.0,,,,,,,,510.71227622032166,0.0001
192384,357,60.0,,,,,,,,512.8210029602051,0.0001
192779,358,20.0,,,,,,,,514.3672842979431,0.0001
193503,359,160.0,,,,,,,,517.1889474391937,0.0001
194092,360,40.0,,,,,,,,519.4723660945892,0.0001
194423,361,0.0,,,,,,,,520.7512526512146,0.0001
194966,362,80.0,,,,,,,,522.84392786026,0.0001
195602,363,100.0,,,,,,,,525.3023617267609,0.0001
196101,364,120.0,,,,,,,,527.2726228237152,0.0001
196759,365,140.0,,,,,,,,529.8564603328705,0.0001
197420,366,160.0,,,,,,,,532.3696086406708,0.0001
197844,367,60.0,,,,,,,,533.9993805885315,0.0001
198696,368,220.0,,,,,,,,537.3678541183472,0.0001
199313,369,20.0,,,,,,,,539.8613500595093,0.0001
199758,370,40.0,,,,,,,,541.6569855213165,0.0001
200503,371,160.0,,,,,,,,544.6719398498535,0.0001
201159,372,120.0,,,,,,,,547.3523399829865,0.0001
201575,373,20.0,,,,,,,,549.0161824226379,0.0001
202099,374,80.0,,,,,,,,551.0764949321747,0.0001
202587,375,80.0,,,,,,,,553.0325927734375,0.0001
202980,376,20.0,,,,,,,,554.583270072937,0.0001
203773,377,140.0,,,,,,,,557.7884297370911,0.0001
204281,378,80.0,,,,,,,,559.8504705429077,0.0001
204661,379,20.0,,,,,,,,561.4227123260498,0.0001
205022,380,20.0,,,,,,,,562.9039852619171,0.0001
205477,381,20.0,,,,,,,,564.7355735301971,0.0001
205791,382,0.0,,,,,,,,565.9971272945404,0.0001
206207,383,40.0,,,,,,,,567.6895952224731,0.0001
206697,384,160.0,,,,,,,,569.6878082752228,0.0001
207654,385,180.0,,,,,,,,573.5721778869629,0.0001
207930,386,0.0,,,,,,,,574.6977295875549,0.0001
208622,387,100.0,,,,,,,,577.5251145362854,0.0001
209129,388,20.0,,,,,,,,579.5943274497986,0.0001
209820,389,100.0,,,,,,,,582.3938195705414,0.0001
210246,390,40.0,,,,,,,,584.1342167854309,0.0001
210907,391,200.0,,,,,,,,586.792909860611,0.0001
211631,392,180.0,,,,,,,,589.7151401042938,0.0001
212349,393,200.0,,,,,,,,592.6814515590668,0.0001
212770,394,80.0,,,,,,,,594.4038789272308,0.0001
213721,395,200.0,,,,,,,,598.4010355472565,0.0001
214248,396,80.0,,,,,,,,600.5514121055603,0.0001
214785,397,140.0,,,,,,,,602.7600283622742,0.0001
215183,398,20.0,,,,,,,,604.3866331577301,0.0001
215544,399,40.0,,,,,,,,605.8711750507355,0.0001
216060,400,100.0,,,,,,,,608.0607743263245,0.0001
216455,401,40.0,,,,,,,,609.7140986919403,0.0001
216978,402,40.0,,,,,,,,611.8930654525757,0.0001
217549,403,80.0,,,,,,,,614.2588551044464,0.0001
218260,404,200.0,,,,,,,,617.1294369697571,0.0001
218827,405,100.0,,,,,,,,619.4296391010284,0.0001
219297,406,80.0,,,,,,,,621.3157591819763,0.0001
219800,407,80.0,,,,,,,,623.415046453476,0.0001
220422,408,140.0,,,,,,,,625.9630606174469,0.0001
221022,409,80.0,,,,,,,,628.4052262306213,0.0001
221396,410,20.0,,,,,,,,629.9352614879608,0.0001
222102,411,120.0,,,,,,,,632.8115246295929,0.0001
222500,412,40.0,,,,,,,,634.4406485557556,0.0001
223203,413,180.0,,,,,,,,637.3155307769775,0.0001
224337,414,260.0,,,,,,,,641.9378278255463,0.0001
224710,415,0.0,,,,,,,,643.4799740314484,0.0001
225097,416,0.0,,,,,,,,645.1065332889557,0.0001
225537,417,40.0,,,,,,,,646.9301600456238,0.0001
226282,418,120.0,,,,,,,,649.9818658828735,0.0001
226853,419,140.0,,,,,,,,652.3224444389343,0.0001
227513,420,160.0,,,,,,,,654.999627828598,0.0001
227893,421,20.0,,,,,,,,656.5215888023376,0.0001
228820,422,280.0,,,,,,,,660.3793654441833,0.0001
229286,423,40.0,,,,,,,,662.318510055542,0.0001
230431,424,300.0,,,,,,,,667.1240196228027,0.0001
231186,425,220.0,,,,,,,,670.3417439460754,0.0001
231718,426,100.0,,,,,,,,672.5869917869568,0.0001
232110,427,40.0,,,,,,,,674.2466752529144,0.0001
232548,428,100.0,,,,,,,,676.0456337928772,0.0001
233096,429,120.0,,,,,,,,678.3040359020233,0.0001
233765,430,140.0,,,,,,,,681.087543964386,0.0001
234540,431,200.0,,,,,,,,684.2819595336914,0.0001
234985,432,60.0,,,,,,,,686.1099102497101,0.0001
235577,433,60.0,,,,,,,,688.545904636383,0.0001
235944,434,40.0,,,,,,,,690.0447721481323,0.0001
236343,435,20.0,,,,,,,,691.693736076355,0.0001
237031,436,240.0,,,,,,,,694.536256313324,0.0001
237699,437,100.0,,,,,,,,697.3218529224396,0.0001
238269,438,140.0,,,,,,,,699.73486495018,0.0001
238968,439,180.0,,,,,,,,702.5784337520599,0.0001
239332,440,20.0,,,,,,,,704.0935833454132,0.0001
239878,441,60.0,,,,,,,,706.382602930069,0.0001
240902,442,140.0,,,,,,,,710.6275191307068,0.0001
241373,443,80.0,,,,,,,,712.5906045436859,0.0001
242060,444,160.0,,,,,,,,715.4322783946991,0.0001
242612,445,100.0,,,,,,,,717.7331027984619,0.0001
243104,446,80.0,,,,,,,,719.8514177799225,0.0001
243690,447,160.0,,,,,,,,722.337587594986,0.0001
244272,448,80.0,,,,,,,,724.754145860672,0.0001
244918,449,180.0,,,,,,,,727.4797549247742,0.0001
245502,450,120.0,,,,,,,,729.9126205444336,0.0001
246087,451,100.0,,,,,,,,732.2412600517273,0.0001
246481,452,0.0,,,,,,,,733.8723149299622,0.0001
246862,453,60.0,,,,,,,,735.4054918289185,0.0001
247180,454,0.0,,,,,,,,736.6621336936951,0.0001
247663,455,60.0,,,,,,,,738.6548233032227,0.0001
248103,456,40.0,,,,,,,,740.452760219574,0.0001
248492,457,0.0,,,,,,,,742.0853655338287,0.0001
248972,458,20.0,,,,,,,,744.1437201499939,0.0001
249418,459,20.0,,,,,,,,745.9652564525604,0.0001
249863,460,20.0,,,,,,,,747.8076310157776,0.0001
250245,461,40.0,,,,,,,,749.4536609649658,0.0001
250666,462,60.0,,,,,,,,751.2221541404724,0.0001
251366,463,200.0,,,,,,,,754.1009240150452,0.0001
252176,464,180.0,,,,,,,,757.376574754715,0.0001
252620,465,40.0,,,,,,,,759.2444162368774,0.0001
253017,466,0.0,,,,,,,,760.9250917434692,0.0001
253429,467,40.0,,,,,,,,762.6034891605377,0.0001
254068,468,100.0,,,,,,,,765.2815182209015,0.0001
254535,469,40.0,,,,,,,,767.2565016746521,0.0001
255055,470,100.0,,,,,,,,769.3391618728638,0.0001
255496,471,40.0,,,,,,,,771.1482212543488,0.0001
256009,472,40.0,,,,,,,,773.2600290775299,0.0001
256564,473,100.0,,,,,,,,775.5861511230469,0.0001
257072,474,40.0,,,,,,,,777.7381229400635,0.0001
257535,475,60.0,,,,,,,,779.6604425907135,0.0001
257933,476,40.0,,,,,,,,781.2864911556244,0.0001
258556,477,100.0,,,,,,,,783.8575875759125,0.0001
259569,478,260.0,,,,,,,,787.8786451816559,0.0001
259992,479,20.0,,,,,,,,789.6157536506653,0.0001
260417,480,40.0,,,,,,,,791.386634349823,0.0001
260921,481,80.0,,,,,,,,793.4857029914856,0.0001
261520,482,100.0,,,,,,,,795.976137638092,0.0001
261987,483,0.0,,,,,,,,797.955605506897,0.0001
262319,484,0.0,,,,,,,,799.3631639480591,0.0001
262731,485,20.0,,,,,,,,801.0097501277924,0.0001
263339,486,0.0,,,,,,,,803.4999597072601,0.0001
263953,487,20.0,,,,,,,,806.0008177757263,0.0001
264379,488,0.0,,,,,,,,807.7652132511139,0.0001
264702,489,0.0,,,,,,,,809.1264660358429,0.0001
265371,490,60.0,,,,,,,,811.8983170986176,0.0001
265826,491,40.0,,,,,,,,813.7694628238678,0.0001
266192,492,20.0,,,,,,,,815.25665807724,0.0001
266648,493,40.0,,,,,,,,817.1013946533203,0.0001
267011,494,0.0,,,,,,,,818.5469856262207,0.0001
267358,495,0.0,,,,,,,,819.9657845497131,0.0001
267878,496,40.0,,,,,,,,822.097199678421,0.0001
268286,497,20.0,,,,,,,,823.7986679077148,0.0001
268826,498,40.0,,,,,,,,826.0458552837372,0.0001
269305,499,0.0,,,,,,,,828.0523414611816,0.0001
269606,500,0.0,,,,,,,,829.2857429981232,0.0001
270046,501,0.0,,,,,,,,831.1002862453461,0.0001
270478,502,20.0,,,,,,,,832.8678648471832,0.0001
271043,503,20.0,,,,,,,,835.1545996665955,0.0001
271384,504,20.0,,,,,,,,836.5546865463257,0.0001
271992,505,0.0,,,,,,,,839.0668394565582,0.0001
272610,506,80.0,,,,,,,,841.5849061012268,0.0001
273079,507,40.0,,,,,,,,843.5083305835724,0.0001
273461,508,20.0,,,,,,,,845.0872123241425,0.0001
273747,509,0.0,,,,,,,,846.2849581241608,0.0001
274347,510,120.0,,,,,,,,848.7356679439545,0.0001
274712,511,20.0,,,,,,,,850.1936030387878,0.0001
275156,512,0.0,,,,,,,,852.0042214393616,0.0001
275572,513,0.0,,,,,,,,853.7083208560944,0.0001
276060,514,0.0,,,,,,,,855.6689193248749,0.0001
276574,515,20.0,,,,,,,,857.7833514213562,0.0001
276906,516,0.0,,,,,,,,859.1479983329773,0.0001
277330,517,20.0,,,,,,,,860.9108257293701,0.0001
277782,518,20.0,,,,,,,,862.7684109210968,0.0001
278219,519,0.0,,,,,,,,864.5881288051605,0.0001
278854,520,80.0,,,,,,,,867.2344591617584,0.0001
279264,521,0.0,,,,,,,,868.934919834137,0.0001
279784,522,20.0,,,,,,,,871.1413481235504,0.0001
280182,523,20.0,,,,,,,,872.8463335037231,0.0001
280631,524,0.0,,,,,,,,874.7586121559143,0.0001
281168,525,0.0,,,,,,,,877.030980348587,0.0001
281716,526,0.0,,,,,,,,879.3361930847168,0.0001
282065,527,0.0,,,,,,,,880.8044216632843,0.0001
282491,528,0.0,,,,,,,,882.5740580558777,0.0001
282930,529,20.0,,,,,,,,884.4574625492096,0.0001
283343,530,0.0,,,,,,,,886.2146127223969,0.0001
283771,531,0.0,,,,,,,,887.9669299125671,0.0001
284297,532,40.0,,,,,,,,890.1316478252411,0.0001
284790,533,20.0,,,,,,,,892.1901502609253,0.0001
285609,534,180.0,,,,,,,,895.5666921138763,0.0001
286099,535,60.0,,,,,,,,897.5379209518433,0.0001
286865,536,60.0,,,,,,,,900.567911863327,0.0001
287236,537,20.0,,,,,,,,902.1110174655914,0.0001
287719,538,0.0,,,,,,,,904.171585559845,0.0001
288276,539,20.0,,,,,,,,906.5791096687317,0.0001
288949,540,40.0,,,,,,,,909.3475170135498,0.0001
289392,541,40.0,,,,,,,,911.1668326854706,0.0001
289764,542,0.0,,,,,,,,912.6562283039093,0.0001
290256,543,40.0,,,,,,,,914.6590852737427,0.0001
290907,544,20.0,,,,,,,,917.2865710258484,0.0001
291417,545,60.0,,,,,,,,919.438634634018,0.0001
291892,546,20.0,,,,,,,,921.4339151382446,0.0001
292420,547,60.0,,,,,,,,923.6699984073639,0.0001
292886,548,0.0,,,,,,,,925.5792047977448,0.0001
293254,549,20.0,,,,,,,,927.1165268421173,0.0001
293855,550,20.0,,,,,,,,929.5214259624481,0.0001
294392,551,40.0,,,,,,,,931.6360142230988,0.0001
294781,552,20.0,,,,,,,,933.2203214168549,0.0001
295146,553,20.0,,,,,,,,934.6864292621613,0.0001
295702,554,40.0,,,,,,,,936.955403804779,0.0001
296240,555,0.0,,,,,,,,939.1268076896667,0.0001
296820,556,40.0,,,,,,,,941.5846743583679,0.0001
297322,557,20.0,,,,,,,,943.7590329647064,0.0001
297792,558,20.0,,,,,,,,945.7978374958038,0.0001
298185,559,20.0,,,,,,,,947.4319896697998,0.0001
298871,560,40.0,,,,,,,,950.3098220825195,0.0001
299321,561,40.0,,,,,,,,952.17524766922,0.0001
299839,562,80.0,,,,,,,,954.3468201160431,0.0001
300324,563,80.0,,,,,,,,956.3622796535492,0.0001
301284,564,40.0,,,,,,,,960.302946805954,0.0001
301807,565,60.0,,,,,,,,962.3756582736969,0.0001
302301,566,0.0,,,,,,,,964.3306601047516,0.0001
302842,567,80.0,,,,,,,,966.5035853385925,0.0001
303167,568,20.0,,,,,,,,967.8099164962769,0.0001
303508,569,0.0,,,,,,,,969.1660099029541,0.0001
303895,570,20.0,,,,,,,,970.8177554607391,0.0001
304328,571,0.0,,,,,,,,972.6099593639374,0.0001
304743,572,0.0,,,,,,,,974.3328709602356,0.0001
305110,573,0.0,,,,,,,,975.8894114494324,0.0001
305442,574,0.0,,,,,,,,977.2623920440674,0.0001
305907,575,20.0,,,,,,,,979.1583497524261,0.0001
306312,576,20.0,,,,,,,,980.8641512393951,0.0001
306641,577,20.0,,,,,,,,982.2735669612885,0.0001
307063,578,20.0,,,,,,,,984.1244368553162,0.0001
307500,579,0.0,,,,,,,,985.9296288490295,0.0001
307883,580,20.0,,,,,,,,987.5242438316345,0.0001
308354,581,80.0,,,,,,,,989.4482855796814,0.0001
308732,582,0.0,,,,,,,,990.9553952217102,0.0001
309099,583,0.0,,,,,,,,992.4481885433197,0.0001
309435,584,0.0,,,,,,,,993.8255677223206,0.0001
310366,585,180.0,,,,,,,,997.6715795993805,0.0001
311149,586,100.0,,,,,,,,1001.0661573410034,0.0001
311459,587,0.0,,,,,,,,1002.4350483417511,0.0001
311800,588,20.0,,,,,,,,1003.8986580371857,0.0001
312184,589,40.0,,,,,,,,1005.531081199646,0.0001
312609,590,60.0,,,,,,,,1007.35378074646,0.0001
313226,591,60.0,,,,,,,,1010.0229465961456,0.0001
313737,592,60.0,,,,,,,,1012.0909917354584,0.0001
314153,593,60.0,,,,,,,,1013.7609148025513,0.0001
314791,594,120.0,,,,,,,,1016.4247500896454,0.0001
315296,595,60.0,,,,,,,,1018.5493397712708,0.0001
315749,596,40.0,,,,,,,,1020.385974407196,0.0001
316294,597,40.0,,,,,,,,1022.5884957313538,0.0001
316884,598,40.0,,,,,,,,1025.0327003002167,0.0001
317399,599,0.0,,,,,,,,1027.094250202179,0.0001
317880,600,80.0,,,,,,,,1029.0210132598877,0.0001
318360,601,60.0,,,,,,,,1030.9394676685333,0.0001
318755,602,20.0,,,,,,,,1032.5345015525818,0.0001
319127,603,20.0,,,,,,,,1034.0485906600952,0.0001
319502,604,20.0,,,,,,,,1035.5868880748749,0.0001
319945,605,20.0,,,,,,,,1037.481948375702,0.0001
320618,606,160.0,,,,,,,,1040.3561844825745,0.0001
320928,607,0.0,,,,,,,,1041.6497716903687,0.0001
321388,608,60.0,,,,,,,,1043.6098449230194,0.0001
321993,609,120.0,,,,,,,,1046.1541368961334,0.0001
322535,610,100.0,,,,,,,,1048.4156947135925,0.0001
323132,611,60.0,,,,,,,,1050.9271857738495,0.0001
323542,612,40.0,,,,,,,,1052.681209564209,0.0001
323901,613,20.0,,,,,,,,1054.2138690948486,0.0001
324756,614,140.0,,,,,,,,1057.6760473251343,0.0001
325242,615,20.0,,,,,,,,1059.6406433582306,0.0001
325794,616,100.0,,,,,,,,1061.9356298446655,0.0001
326185,617,40.0,,,,,,,,1063.5571718215942,0.0001
326649,618,40.0,,,,,,,,1065.463612318039,0.0001
327035,619,20.0,,,,,,,,1067.0962715148926,0.0001
327486,620,0.0,,,,,,,,1068.9976551532745,0.0001
328033,621,40.0,,,,,,,,1071.3047711849213,0.0001
328563,622,20.0,,,,,,,,1073.5036952495575,0.0001
329012,623,40.0,,,,,,,,1075.436862707138,0.0001
329529,624,80.0,,,,,,,,1077.6590330600739,0.0001
329951,625,40.0,,,,,,,,1079.4914922714233,0.0001
330404,626,40.0,,,,,,,,1081.4225912094116,0.0001
330876,627,60.0,,,,,,,,1083.3945181369781,0.0001
331201,628,0.0,,,,,,,,1084.7375311851501,0.0001
331550,629,0.0,,,,,,,,1086.1813628673553,0.0001
332054,630,80.0,,,,,,,,1088.2953507900238,0.0001
332448,631,20.0,,,,,,,,1089.9725995063782,0.0001
332965,632,40.0,,,,,,,,1092.1682629585266,0.0001
333377,633,20.0,,,,,,,,1093.9380424022675,0.0001
334173,634,180.0,,,,,,,,1097.2807598114014,0.0001
334662,635,60.0,,,,,,,,1099.3797805309296,0.0001
335203,636,60.0,,,,,,,,1101.5709030628204,0.0001
335736,637,60.0,,,,,,,,1103.8917706012726,0.0001
336048,638,0.0,,,,,,,,1105.2364168167114,0.0001
336463,639,40.0,,,,,,,,1107.0011880397797,0.0001
337050,640,120.0,,,,,,,,1109.5239396095276,0.0001
337388,641,40.0,,,,,,,,1110.9586336612701,0.0001
337859,642,40.0,,,,,,,,1112.9780943393707,0.0001
338267,643,20.0,,,,,,,,1114.734314918518,0.0001
338697,644,0.0,,,,,,,,1116.572669506073,0.0001
339254,645,80.0,,,,,,,,1118.9967677593231,0.0001
339670,646,20.0,,,,,,,,1120.800413608551,0.0001
340094,647,0.0,,,,,,,,1122.629548072815,0.0001
340473,648,40.0,,,,,,,,1124.2410459518433,0.0001
340888,649,40.0,,,,,,,,1126.003175497055,0.0001
341293,650,20.0,,,,,,,,1127.6903302669525,0.0001
341701,651,40.0,,,,,,,,1129.4310417175293,0.0001
342234,652,100.0,,,,,,,,1131.682392835617,0.0001
342641,653,0.0,,,,,,,,1133.380223274231,0.0001
343193,654,40.0,,,,,,,,1135.7265486717224,0.0001
343603,655,20.0,,,,,,,,1137.4699981212616,0.0001
344039,656,80.0,,,,,,,,1139.3039438724518,0.0001
344542,657,100.0,,,,,,,,1141.456101179123,0.0001
344927,658,0.0,,,,,,,,1143.142145395279,0.0001
345752,659,100.0,,,,,,,,1146.6457002162933,0.0001
346194,660,20.0,,,,,,,,1148.535926580429,0.0001
346573,661,0.0,,,,,,,,1150.1833229064941,0.0001
346941,662,0.0,,,,,,,,1151.8253591060638,0.0001
347360,663,20.0,,,,,,,,1153.6942286491394,0.0001
347853,664,40.0,,,,,,,,1155.855293750763,0.0001
348224,665,0.0,,,,,,,,1157.4699716567993,0.0001
348543,666,0.0,,,,,,,,1158.8721222877502,0.0001
349036,667,20.0,,,,,,,,1161.045053243637,0.0001
349566,668,40.0,,,,,,,,1163.4050149917603,0.0001
350032,669,20.0,,,,,,,,1165.4187850952148,0.0001
350500,670,20.0,,,,,,,,1167.4494996070862,0.0001
351131,671,100.0,,,,,,,,1170.2151873111725,0.0001
351615,672,40.0,,,,,,,,1172.269036769867,0.0001
351948,673,20.0,,,,,,,,1173.6897139549255,0.0001
352380,674,20.0,,,,,,,,1175.5074632167816,0.0001
352772,675,20.0,,,,,,,,1177.132145166397,0.0001
353203,676,100.0,,,,,,,,1178.972374677658,0.0001
353529,677,0.0,,,,,,,,1180.390619277954,0.0001
353935,678,20.0,,,,,,,,1182.1547284126282,0.0001
354602,679,80.0,,,,,,,,1184.9348044395447,0.0001
355169,680,0.0,,,,,,,,1187.3506345748901,0.0001
355609,681,20.0,,,,,,,,1189.1938927173615,0.0001
356211,682,40.0,,,,,,,,1191.7164313793182,0.0001
356753,683,20.0,,,,,,,,1193.967568397522,0.0001
357222,684,80.0,,,,,,,,1195.9294300079346,0.0001
357665,685,60.0,,,,,,,,1197.7973442077637,0.0001
358007,686,20.0,,,,,,,,1199.2459268569946,0.0001
358930,687,100.0,,,,,,,,1203.1337568759918,0.0001
359264,688,0.0,,,,,,,,1204.544231891632,0.0001
359696,689,0.0,,,,,,,,1206.3349616527557,0.0001
360268,690,80.0,,,,,,,,1208.704737663269,0.0001
360598,691,0.0,,,,,,,,1210.0253646373749,0.0001
360988,692,20.0,,,,,,,,1211.6146776676178,0.0001
361872,693,140.0,,,,,,,,1215.2833015918732,0.0001
362381,694,0.0,,,,,,,,1217.4263892173767,0.0001
363024,695,20.0,,,,,,,,1220.1064338684082,0.0001
363495,696,40.0,,,,,,,,1222.076055765152,0.0001
364078,697,80.0,,,,,,,,1224.5244710445404,0.0001
364616,698,60.0,,,,,,,,1226.7562384605408,0.0001
365364,699,80.0,,,,,,,,1229.730159521103,0.0001
365805,700,40.0,,,,,,,,1231.5089383125305,0.0001
366345,701,40.0,,,,,,,,1233.666330575943,0.0001
366754,702,20.0,,,,,,,,1235.2874307632446,0.0001
367092,703,20.0,,,,,,,,1236.653734445572,0.0001
367602,704,80.0,,,,,,,,1238.669254541397,0.0001
367996,705,20.0,,,,,,,,1240.284431219101,0.0001
368623,706,80.0,,,,,,,,1242.9059822559357,0.0001
369082,707,80.0,,,,,,,,1244.8659324645996,0.0001
369630,708,80.0,,,,,,,,1247.1584920883179,0.0001
370215,709,20.0,,,,,,,,1249.5859344005585,0.0001
370852,710,60.0,,,,,,,,1252.2245194911957,0.0001
371448,711,100.0,,,,,,,,1254.7223591804504,0.0001
371846,712,0.0,,,,,,,,1256.362530708313,0.0001
372304,713,40.0,,,,,,,,1258.273391008377,0.0001
372708,714,20.0,,,,,,,,1259.9497396945953,0.0001
373170,715,60.0,,,,,,,,1261.8856098651886,0.0001
373665,716,40.0,,,,,,,,1263.917069196701,0.0001
374104,717,0.0,,,,,,,,1265.773291349411,0.0001
374556,718,40.0,,,,,,,,1267.6779487133026,0.0001
375158,719,40.0,,,,,,,,1270.175518989563,0.0001
375548,720,20.0,,,,,,,,1271.8029162883759,0.0001
376174,721,100.0,,,,,,,,1274.3923947811127,0.0001
376777,722,40.0,,,,,,,,1276.9128432273865,0.0001
377275,723,60.0,,,,,,,,1279.013952255249,0.0001
378130,724,120.0,,,,,,,,1282.6208720207214,0.0001
378637,725,80.0,,,,,,,,1284.7144358158112,0.0001
379395,726,200.0,,,,,,,,1287.9019680023193,0.0001
379859,727,0.0,,,,,,,,1289.84588098526,0.0001
380493,728,80.0,,,,,,,,1292.5075256824493,0.0001
380991,729,60.0,,,,,,,,1294.6316230297089,0.0001
381359,730,0.0,,,,,,,,1296.2216382026672,0.0001
381847,731,40.0,,,,,,,,1298.3045995235443,0.0001
382499,732,60.0,,,,,,,,1301.066111087799,0.0001
382858,733,20.0,,,,,,,,1302.6217319965363,0.0001
383450,734,80.0,,,,,,,,1305.107902765274,0.0001
383769,735,0.0,,,,,,,,1306.4674243927002,0.0001
384195,736,20.0,,,,,,,,1308.3033366203308,0.0001
384796,737,60.0,,,,,,,,1310.9344284534454,0.0001
385352,738,60.0,,,,,,,,1313.3495576381683,0.0001
386060,739,20.0,,,,,,,,1316.3378458023071,0.0001
386536,740,20.0,,,,,,,,1318.3520481586456,0.0001
386976,741,40.0,,,,,,,,1320.1791472434998,0.0001
387324,742,0.0,,,,,,,,1321.6438343524933,0.0001
387713,743,20.0,,,,,,,,1323.2732095718384,0.0001
388063,744,0.0,,,,,,,,1324.748156785965,0.0001
388702,745,60.0,,,,,,,,1327.4246780872345,0.0001
389342,746,100.0,,,,,,,,1330.071890115738,0.0001
389684,747,20.0,,,,,,,,1331.5024383068085,0.0001
390176,748,40.0,,,,,,,,1333.4642119407654,0.0001
390803,749,80.0,,,,,,,,1336.063496351242,0.0001
391392,750,120.0,,,,,,,,1338.5608839988708,0.0001
391890,751,60.0,,,,,,,,1340.663780927658,0.0001
392435,752,80.0,,,,,,,,1342.976806640625,0.0001
393109,753,40.0,,,,,,,,1345.8680245876312,0.0001
393944,754,80.0,,,,,,,,1349.3992176055908,0.0001
394400,755,40.0,,,,,,,,1351.3212215900421,0.0001
394907,756,60.0,,,,,,,,1353.491938829422,0.0001
395471,757,20.0,,,,,,,,1355.8635802268982,0.0001
395926,758,40.0,,,,,,,,1357.7582247257233,0.0001
396305,759,0.0,,,,,,,,1359.3450076580048,0.0001
396997,760,40.0,,,,,,,,1362.2602200508118,0.0001
397419,761,20.0,,,,,,,,1364.0566732883453,0.0001
397878,762,100.0,,,,,,,,1366.0020349025726,0.0001
398261,763,40.0,,,,,,,,1367.6105868816376,0.0001
398922,764,60.0,,,,,,,,1370.3809716701508,0.0001
399446,765,40.0,,,,,,,,1372.5625643730164,0.0001
400056,766,100.0,,,,,,,,1375.1171474456787,0.0001
400618,767,60.0,,,,,,,,1377.4763050079346,0.0001
401086,768,60.0,,,,,,,,1379.4253795146942,0.0001
401529,769,20.0,,,,,,,,1381.2866652011871,0.0001
402131,770,20.0,,,,,,,,1383.830898284912,0.0001
402799,771,20.0,,,,,,,,1386.5956017971039,0.0001
403269,772,60.0,,,,,,,,1388.6069552898407,0.0001
404313,773,300.0,,,,,,,,1392.93492436409,0.0001
404901,774,0.0,,,,,,,,1395.4542338848114,0.0001
405484,775,40.0,,,,,,,,1397.9497056007385,0.0001
406058,776,140.0,,,,,,,,1400.381118774414,0.0001
406705,777,160.0,,,,,,,,1403.1561489105225,0.0001
407058,778,0.0,,,,,,,,1404.6394410133362,0.0001
407543,779,40.0,,,,,,,,1406.7252712249756,0.0001
407925,780,40.0,,,,,,,,1408.4096460342407,0.0001
408600,781,40.0,,,,,,,,1411.3110854625702,0.0001
409912,782,220.0,,,,,,,,1416.8645105361938,0.0001
410686,783,80.0,,,,,,,,1420.2238790988922,0.0001
411490,784,120.0,,,,,,,,1423.5436129570007,0.0001
411871,785,20.0,,,,,,,,1425.157586812973,0.0001
412935,786,260.0,,,,,,,,1429.6487534046173,0.0001
413443,787,20.0,,,,,,,,1431.7965061664581,0.0001
414028,788,20.0,,,,,,,,1434.2557106018066,0.0001
414478,789,0.0,,,,,,,,1436.18266415596,0.0001
415135,790,0.0,,,,,,,,1439.0515644550323,0.0001
415455,791,0.0,,,,,,,,1440.39821767807,0.0001
415993,792,40.0,,,,,,,,1442.7240986824036,0.0001
416408,793,60.0,,,,,,,,1444.5127985477448,0.0001
416866,794,40.0,,,,,,,,1446.4688775539398,0.0001
417196,795,0.0,,,,,,,,1447.9450635910034,0.0001
417637,796,0.0,,,,,,,,1449.8931722640991,0.0001
418128,797,60.0,,,,,,,,1452.0173814296722,0.0001
418721,798,60.0,,,,,,,,1454.4878780841827,0.0001
419340,799,60.0,,,,,,,,1457.0856297016144,0.0001
419825,800,60.0,,,,,,,,1459.169822692871,0.0001
420230,801,20.0,,,,,,,,1460.8890199661255,0.0001
420683,802,20.0,,,,,,,,1462.7573697566986,0.0001
421286,803,120.0,,,,,,,,1465.3483328819275,0.0001
421814,804,40.0,,,,,,,,1467.729056596756,0.0001
422218,805,20.0,,,,,,,,1469.443962097168,0.0001
422754,806,60.0,,,,,,,,1471.7265512943268,0.0001
423624,807,100.0,,,,,,,,1475.4951965808868,0.0001
424443,808,60.0,,,,,,,,1478.929601430893,0.0001
425379,809,140.0,,,,,,,,1482.9466924667358,0.0001
425843,810,40.0,,,,,,,,1485.0261270999908,0.0001
426437,811,120.0,,,,,,,,1487.6399519443512,0.0001
427036,812,140.0,,,,,,,,1490.2142980098724,0.0001
427578,813,20.0,,,,,,,,1492.5109841823578,0.0001
428110,814,20.0,,,,,,,,1494.759066581726,0.0001
428554,815,60.0,,,,,,,,1496.679535150528,0.0001
428992,816,20.0,,,,,,,,1498.5549619197845,0.0001
429431,817,0.0,,,,,,,,1500.427309513092,0.0001
429755,818,0.0,,,,,,,,1501.8048541545868,0.0001
430373,819,40.0,,,,,,,,1504.3581171035767,0.0001
430940,820,20.0,,,,,,,,1506.7995071411133,0.0001
431582,821,60.0,,,,,,,,1509.6376156806946,0.0001
432289,822,120.0,,,,,,,,1512.7982127666473,0.0001
432930,823,60.0,,,,,,,,1515.6073253154755,0.0001
433293,824,20.0,,,,,,,,1517.2102029323578,0.0001
433691,825,0.0,,,,,,,,1518.9871518611908,0.0001
434089,826,0.0,,,,,,,,1520.7282543182373,0.0001
434454,827,0.0,,,,,,,,1522.2925200462341,0.0001
435018,828,80.0,,,,,,,,1524.7403016090393,0.0001
435692,829,60.0,,,,,,,,1527.6235811710358,0.0001
436169,830,20.0,,,,,,,,1529.6420629024506,0.0001
436672,831,40.0,,,,,,,,1531.812399148941,0.0001
437224,832,40.0,,,,,,,,1534.1812961101532,0.0001
437706,833,0.0,,,,,,,,1536.2255289554596,0.0001
438225,834,40.0,,,,,,,,1538.4711158275604,0.0001
438660,835,0.0,,,,,,,,1540.3519146442413,0.0001
439674,836,160.0,,,,,,,,1544.6730816364288,0.0001
440133,837,60.0,,,,,,,,1546.6171493530273,0.0001
441027,838,180.0,,,,,,,,1550.3784906864166,0.0001
441385,839,20.0,,,,,,,,1551.895975112915,0.0001
442016,840,40.0,,,,,,,,1554.6036586761475,0.0001
442468,841,20.0,,,,,,,,1556.5382540225983,0.0001
442844,842,40.0,,,,,,,,1558.1603050231934,0.0001
443324,843,20.0,,,,,,,,1560.203159570694,0.0001
443754,844,20.0,,,,,,,,1562.0492718219757,0.0001
444273,845,20.0,,,,,,,,1564.2631623744965,0.0001
444604,846,20.0,,,,,,,,1565.6920475959778,0.0001
445061,847,40.0,,,,,,,,1567.6279938220978,0.0001
445418,848,20.0,,,,,,,,1569.142136335373,0.0001
445762,849,0.0,,,,,,,,1570.628791809082,0.0001
446150,850,0.0,,,,,,,,1572.2722375392914,0.0001
446619,851,0.0,,,,,,,,1574.2898695468903,0.0001
447569,852,100.0,,,,,,,,1578.3859639167786,0.0001
447990,853,40.0,,,,,,,,1580.2236149311066,0.0001
448397,854,20.0,,,,,,,,1581.9699857234955,0.0001
449173,855,100.0,,,,,,,,1585.3823664188385,0.0001
449597,856,20.0,,,,,,,,1587.2322747707367,0.0001
449981,857,0.0,,,,,,,,1588.895471572876,0.0001
450686,858,120.0,,,,,,,,1591.9399423599243,0.0001
451108,859,20.0,,,,,,,,1593.7657492160797,0.0001
451698,860,80.0,,,,,,,,1596.4064357280731,0.0001
452142,861,0.0,,,,,,,,1598.39622092247,0.0001
452536,862,20.0,,,,,,,,1600.1090724468231,0.0001
453322,863,20.0,,,,,,,,1603.5949249267578,0.0001
453729,864,0.0,,,,,,,,1605.4193904399872,0.0001
454756,865,180.0,,,,,,,,1609.874359846115,0.0001
455434,866,40.0,,,,,,,,1612.8287918567657,0.0001
455762,867,20.0,,,,,,,,1614.2573432922363,0.0001
456655,868,120.0,,,,,,,,1618.1641881465912,0.0001
457078,869,40.0,,,,,,,,1619.9653890132904,0.0001
457582,870,20.0,,,,,,,,1622.215148448944,0.0001
458434,871,180.0,,,,,,,,1626.0157034397125,0.0001
459020,872,100.0,,,,,,,,1628.5482158660889,0.0001
459383,873,0.0,,,,,,,,1630.1339104175568,0.0001
459826,874,60.0,,,,,,,,1632.071074962616,0.0001
460697,875,120.0,,,,,,,,1635.7918701171875,0.0001
461140,876,20.0,,,,,,,,1637.6922039985657,0.0001
461561,877,40.0,,,,,,,,1639.4969282150269,0.0001
462156,878,0.0,,,,,,,,1641.903795003891,0.0001
462972,879,60.0,,,,,,,,1645.314799785614,0.0001
463334,880,0.0,,,,,,,,1646.8186781406403,0.0001
464265,881,140.0,,,,,,,,1650.7999141216278,0.0001
464704,882,60.0,,,,,,,,1652.6860466003418,0.0001
465130,883,20.0,,,,,,,,1654.5177066326141,0.0001
466115,884,200.0,,,,,,,,1658.7570440769196,0.0001
466872,885,160.0,,,,,,,,1661.9702253341675,0.0001
467337,886,40.0,,,,,,,,1664.013417005539,0.0001
467759,887,40.0,,,,,,,,1665.854214668274,0.0001
468078,888,0.0,,,,,,,,1667.2927696704865,0.0001
468668,889,60.0,,,,,,,,1669.8574051856995,0.0001
469540,890,280.0,,,,,,,,1673.6375119686127,0.0001
470199,891,120.0,,,,,,,,1676.4799454212189,0.0001
470785,892,140.0,,,,,,,,1678.9641592502594,0.0001
471558,893,20.0,,,,,,,,1682.2252790927887,0.0001
472003,894,20.0,,,,,,,,1684.1286890506744,0.0001
472772,895,180.0,,,,,,,,1687.382512331009,0.0001
473213,896,60.0,,,,,,,,1689.2940502166748,0.0001
473879,897,80.0,,,,,,,,1692.1517369747162,0.0001
474240,898,0.0,,,,,,,,1693.7018835544586,0.0001
474791,899,80.0,,,,,,,,1696.0624406337738,0.0001
475426,900,160.0,,,,,,,,1698.7634763717651,0.0001
476393,901,220.0,,,,,,,,1702.8956184387207,0.0001
477080,902,60.0,,,,,,,,1705.8141610622406,0.0001
477604,903,60.0,,,,,,,,1708.0939087867737,0.0001
478535,904,240.0,,,,,,,,1712.1271545886993,0.0001
479046,905,60.0,,,,,,,,1714.3539695739746,0.0001
480209,906,240.0,,,,,,,,1719.3997666835785,0.0001
480885,907,40.0,,,,,,,,1722.284765958786,0.0001
481305,908,0.0,,,,,,,,1724.0410265922546,0.0001
482023,909,40.0,,,,,,,,1727.0257046222687,0.0001
482881,910,200.0,,,,,,,,1730.7246763706207,0.0001
483589,911,160.0,,,,,,,,1733.7314670085907,0.0001
484055,912,40.0,,,,,,,,1735.759131193161,0.0001
484471,913,60.0,,,,,,,,1737.617164850235,0.0001
484842,914,20.0,,,,,,,,1739.2868344783783,0.0001
485267,915,20.0,,,,,,,,1741.1319651603699,0.0001
485842,916,40.0,,,,,,,,1743.6500658988953,0.0001
486372,917,60.0,,,,,,,,1745.9511282444,0.0001
487074,918,100.0,,,,,,,,1748.9931428432465,0.0001
487420,919,0.0,,,,,,,,1750.4979317188263,0.0001
487931,920,0.0,,,,,,,,1752.7464139461517,0.0001
488413,921,60.0,,,,,,,,1754.826991558075,0.0001
489158,922,140.0,,,,,,,,1758.0554230213165,0.0001
489612,923,20.0,,,,,,,,1760.0268042087555,0.0001
490156,924,60.0,,,,,,,,1762.3831655979156,0.0001
490528,925,0.0,,,,,,,,1763.9772963523865,0.0001
491070,926,80.0,,,,,,,,1766.364914894104,0.0001
491546,927,0.0,,,,,,,,1768.4346919059753,0.0001
492215,928,0.0,,,,,,,,1771.3287026882172,0.0001
492863,929,40.0,,,,,,,,1774.106965303421,0.0001
493263,930,40.0,,,,,,,,1775.8248853683472,0.0001
493797,931,80.0,,,,,,,,1778.118614435196,0.0001
494189,932,60.0,,,,,,,,1779.8081586360931,0.0001
494668,933,40.0,,,,,,,,1781.8691580295563,0.0001
495129,934,40.0,,,,,,,,1783.8405630588531,0.0001
495775,935,0.0,,,,,,,,1786.6059210300446,0.0001
496459,936,20.0,,,,,,,,1789.5541687011719,0.0001
496869,937,20.0,,,,,,,,1791.323243379593,0.0001
497699,938,60.0,,,,,,,,1794.9004242420197,0.0001
498336,939,0.0,,,,,,,,1797.6664745807648,0.0001
498982,940,100.0,,,,,,,,1800.5228822231293,0.0001
499681,941,200.0,,,,,,,,1803.5806901454926,0.0001
501251,942,440.0,,,,,,,,1810.424289226532,0.0001
501794,943,80.0,,,,,,,,1812.8041877746582,0.0001
502293,944,20.0,,,,,,,,1814.9615972042084,0.0001
502799,945,40.0,,,,,,,,1817.146718263626,0.0001
503519,946,160.0,,,,,,,,1820.2660653591156,0.0001
504479,947,200.0,,,,,,,,1824.4188857078552,0.0001
504954,948,40.0,,,,,,,,1826.4573166370392,0.0001
505290,949,0.0,,,,,,,,1827.913473367691,0.0001
505836,950,80.0,,,,,,,,1830.2283856868744,0.0001
506533,951,160.0,,,,,,,,1833.2328083515167,0.0001
506930,952,20.0,,,,,,,,1834.9683713912964,0.0001
507818,953,200.0,,,,,,,,1838.8622994422913,0.0001
508372,954,120.0,,,,,,,,1841.3175206184387,0.0001
509011,955,140.0,,,,,,,,1844.1212706565857,0.0001
509566,956,140.0,,,,,,,,1846.5430617332458,0.0001
510283,957,140.0,,,,,,,,1849.692939043045,0.0001
511156,958,140.0,,,,,,,,1853.5489904880524,0.0001
511670,959,40.0,,,,,,,,1855.7491946220398,0.0001
512410,960,200.0,,,,,,,,1858.979633808136,0.0001
513388,961,180.0,,,,,,,,1863.2410950660706,0.0001
513788,962,40.0,,,,,,,,1864.990031003952,0.0001
514199,963,0.0,,,,,,,,1866.809173822403,0.0001
514972,964,100.0,,,,,,,,1870.2116658687592,0.0001
515844,965,180.0,,,,,,,,1873.9183044433594,0.0001
516416,966,120.0,,,,,,,,1876.365066766739,0.0001
516900,967,40.0,,,,,,,,1878.4454398155212,0.0001
517924,968,260.0,,,,,,,,1882.8098905086517,0.0001
518277,969,0.0,,,,,,,,1884.3725049495697,0.0001
518990,970,140.0,,,,,,,,1887.5026779174805,0.0001
519393,971,60.0,,,,,,,,1889.2673847675323,0.0001
519887,972,160.0,,,,,,,,1891.4869163036346,0.0001
520640,973,200.0,,,,,,,,1894.8229320049286,0.0001
521262,974,60.0,,,,,,,,1897.6141650676727,0.0001
521647,975,20.0,,,,,,,,1899.3478441238403,0.0001
522084,976,80.0,,,,,,,,1901.2932345867157,0.0001
522718,977,160.0,,,,,,,,1904.1493752002716,0.0001
523261,978,80.0,,,,,,,,1906.5469543933868,0.0001
524258,979,300.0,,,,,,,,1910.9907960891724,0.0001
524846,980,0.0,,,,,,,,1913.6020545959473,0.0001
525250,981,100.0,,,,,,,,1915.3938806056976,0.0001
525978,982,60.0,,,,,,,,1918.6428697109222,0.0001
526321,983,20.0,,,,,,,,1920.1526627540588,0.0001
526905,984,80.0,,,,,,,,1922.691189289093,0.0001
527439,985,40.0,,,,,,,,1925.0392825603485,0.0001
528037,986,0.0,,,,,,,,1927.7016351222992,0.0001
528699,987,60.0,,,,,,,,1930.6136734485626,0.0001
529328,988,20.0,,,,,,,,1933.416063785553,0.0001
530096,989,100.0,,,,,,,,1936.8315200805664,0.0001
530715,990,120.0,,,,,,,,1939.6263666152954,0.0001
531461,991,100.0,,,,,,,,1942.8841996192932,0.0001
532304,992,220.0,,,,,,,,1946.5725712776184,0.0001
532899,993,180.0,,,,,,,,1949.1649968624115,0.0001
533471,994,80.0,,,,,,,,1951.7330610752106,0.0001
533989,995,40.0,,,,,,,,1954.0499799251556,0.0001
534869,996,240.0,,,,,,,,1957.7677986621857,0.0001
535522,997,180.0,,,,,,,,1960.6331496238708,0.0001
536250,998,180.0,,,,,,,,1963.8316359519958,0.0001
536975,999,160.0,,,,,,,,1967.0184507369995,0.0001
537619,1000,140.0,,,,,,,,1969.7984788417816,0.0001
538193,1001,160.0,,,,,,,,1972.373708486557,0.0001
539145,1002,260.0,,,,,,,,1976.698795080185,0.0001
540131,1003,300.0,,,,,,,,1981.0895578861237,0.0001
540691,1004,120.0,,,,,,,,1983.6324393749237,0.0001
542203,1005,420.0,,,,,,,,1990.3404524326324,0.0001
543171,1006,240.0,,,,,,,,1994.5458405017853,0.0001
544148,1007,220.0,,,,,,,,1998.9547274112701,0.0001
545409,1008,340.0,,,,,,,,2004.47181224823,0.0001
546254,1009,220.0,,,,,,,,2008.1705839633942,0.0001
546803,1010,120.0,,,,,,,,2010.621776342392,0.0001
547517,1011,80.0,,,,,,,,2013.8151381015778,0.0001
548865,1012,360.0,,,,,,,,2019.6949255466461,0.0001
549749,1013,180.0,,,,,,,,2023.6035261154175,0.0001
550239,1014,60.0,,,,,,,,2025.7271130084991,0.0001
550651,1015,20.0,,,,,,,,2027.559138059616,0.0001
551453,1016,180.0,,,,,,,,2031.1085903644562,0.0001
552057,1017,40.0,,,,,,,,2033.757877111435,0.0001
552512,1018,40.0,,,,,,,,2035.733568429947,0.0001
553039,1019,80.0,,,,,,,,2038.036184310913,0.0001
553467,1020,20.0,,,,,,,,2039.9368288516998,0.0001
554141,1021,160.0,,,,,,,,2042.88640666008,0.0001
554711,1022,160.0,,,,,,,,2045.3466391563416,0.0001
555555,1023,140.0,,,,,,,,2049.0491659641266,0.0001
556004,1024,60.0,,,,,,,,2051.019428253174,0.0001
556409,1025,60.0,,,,,,,,2052.7804069519043,0.0001
557132,1026,120.0,,,,,,,,2055.94996881485,0.0001
557838,1027,140.0,,,,,,,,2058.9889631271362,0.0001
558649,1028,280.0,,,,,,,,2062.560217142105,0.0001
559150,1029,40.0,,,,,,,,2064.743629217148,0.0001
559690,1030,60.0,,,,,,,,2067.106995344162,0.0001
560091,1031,40.0,,,,,,,,2068.8773024082184,0.0001
560677,1032,80.0,,,,,,,,2071.481850862503,0.0001
561085,1033,60.0,,,,,,,,2073.288806915283,0.0001
562114,1034,260.0,,,,,,,,2077.9010643959045,0.0001
562946,1035,240.0,,,,,,,,2081.6302914619446,0.0001
563788,1036,160.0,,,,,,,,2085.4172976017,0.0001
564815,1037,300.0,,,,,,,,2090.0337328910828,0.0001
566028,1038,320.0,,,,,,,,2095.2861173152924,0.0001
567002,1039,280.0,,,,,,,,2099.5993869304657,0.0001
567630,1040,140.0,,,,,,,,2102.327933073044,0.0001
568263,1041,200.0,,,,,,,,2105.126409292221,0.0001
568924,1042,160.0,,,,,,,,2108.046591281891,0.0001
569738,1043,260.0,,,,,,,,2111.6372396945953,0.0001
570374,1044,120.0,,,,,,,,2114.4720289707184,0.0001
570982,1045,180.0,,,,,,,,2117.155870437622,0.0001
571416,1046,20.0,,,,,,,,2119.1161830425262,0.0001
572256,1047,180.0,,,,,,,,2122.901163339615,0.0001
572854,1048,160.0,,,,,,,,2125.5561695098877,0.0001
573702,1049,220.0,,,,,,,,2129.342879295349,0.0001
574176,1050,120.0,,,,,,,,2131.4239933490753,0.0001
575716,1051,460.0,,,,,,,,2138.0164229869843,0.0001
576547,1052,180.0,,,,,,,,2141.608809232712,0.0001
577242,1053,200.0,,,,,,,,2144.606096982956,0.0001
578457,1054,300.0,,,,,,,,2149.9692182540894,0.0001
579124,1055,140.0,,,,,,,,2152.975657939911,0.0001
580722,1056,460.0,,,,,,,,2159.9797129631042,0.0001
581686,1057,240.0,,,,,,,,2164.2545545101166,0.0001
582885,1058,360.0,,,,,,,,2169.6239845752716,0.0001
583497,1059,200.0,,,,,,,,2172.434181690216,0.0001
584211,1060,140.0,,,,,,,,2175.628744840622,0.0001
584792,1061,100.0,,,,,,,,2178.2127985954285,0.0001
585804,1062,200.0,,,,,,,,2182.6870431900024,0.0001
586237,1063,20.0,,,,,,,,2184.590343236923,0.0001
587224,1064,260.0,,,,,,,,2188.9165971279144,0.0001
587918,1065,160.0,,,,,,,,2192.0100960731506,0.0001
588639,1066,120.0,,,,,,,,2195.2150518894196,0.0001
589857,1067,340.0,,,,,,,,2200.573459148407,0.0001
590427,1068,140.0,,,,,,,,2203.2057099342346,0.0001
591134,1069,80.0,,,,,,,,2206.3712680339813,0.0001
591530,1070,40.0,,,,,,,,2208.127410888672,0.0001
592482,1071,280.0,,,,,,,,2212.316239118576,0.0001
593484,1072,300.0,,,,,,,,2216.9491839408875,0.0001
594072,1073,140.0,,,,,,,,2219.629299402237,0.0001
594502,1074,60.0,,,,,,,,2221.646263360977,0.0001
595091,1075,160.0,,,,,,,,2224.390639781952,0.0001
595420,1076,0.0,,,,,,,,2225.8827822208405,0.0001
595886,1077,80.0,,,,,,,,2228.0365896224976,0.0001
596342,1078,20.0,,,,,,,,2230.1848130226135,0.0001
596797,1079,60.0,,,,,,,,2232.2953684329987,0.0001
597296,1080,80.0,,,,,,,,2234.584361553192,0.0001
598346,1081,280.0,,,,,,,,2239.3253362178802,0.0001
599096,1082,80.0,,,,,,,,2242.633674144745,0.0001
599751,1083,140.0,,,,,,,,2245.6208624839783,0.0001
600399,1084,100.0,,,,,,,,2248.5011003017426,0.0001
601358,1085,340.0,,,,,,,,2252.731478214264,0.0001
602530,1086,300.0,,,,,,,,2257.860722064972,0.0001
603712,1087,320.0,,,,,,,,2263.1172018051147,0.0001
604041,1088,40.0,,,,,,,,2264.5776348114014,0.0001
604653,1089,60.0,,,,,,,,2267.2483007907867,0.0001
605273,1090,20.0,,,,,,,,2270.006420135498,0.0001
605957,1091,100.0,,,,,,,,2273.0523920059204,0.0001
606401,1092,20.0,,,,,,,,2275.0675976276398,0.0001
606901,1093,140.0,,,,,,,,2277.2961037158966,0.0001
607570,1094,180.0,,,,,,,,2280.3066699504852,0.0001
608493,1095,260.0,,,,,,,,2284.432927131653,0.0001
609229,1096,160.0,,,,,,,,2287.6795098781586,0.0001
610470,1097,320.0,,,,,,,,2293.1487095355988,0.0001
611041,1098,60.0,,,,,,,,2295.703206539154,0.0001
611611,1099,140.0,,,,,,,,2298.11465382576,0.0001
612318,1100,180.0,,,,,,,,2301.2690920829773,0.0001
612690,1101,40.0,,,,,,,,2302.958735227585,0.0001
613547,1102,240.0,,,,,,,,2306.8947966098785,0.0001
614425,1103,140.0,,,,,,,,2310.952547311783,0.0001
614929,1104,80.0,,,,,,,,2313.2686722278595,0.0001
615703,1105,160.0,,,,,,,,2316.897637605667,0.0001
616790,1106,300.0,,,,,,,,2321.9851269721985,0.0001
617405,1107,120.0,,,,,,,,2324.853405237198,0.0001
618323,1108,100.0,,,,,,,,2329.0830261707306,0.0001
618863,1109,40.0,,,,,,,,2331.4864728450775,0.0001
619353,1110,40.0,,,,,,,,2333.7050194740295,0.0001
620123,1111,200.0,,,,,,,,2337.2210516929626,0.0001
620829,1112,140.0,,,,,,,,2340.515021800995,0.0001
621331,1113,60.0,,,,,,,,2342.8625843524933,0.0001
621894,1114,100.0,,,,,,,,2345.461328983307,0.0001
622517,1115,160.0,,,,,,,,2348.314068555832,0.0001
623280,1116,180.0,,,,,,,,2351.841570854187,0.0001
623720,1117,40.0,,,,,,,,2353.8685166835785,0.0001
624219,1118,60.0,,,,,,,,2356.172026872635,0.0001
624752,1119,120.0,,,,,,,,2358.629356622696,0.0001
625578,1120,220.0,,,,,,,,2362.4475281238556,0.0001
626493,1121,220.0,,,,,,,,2366.672622680664,0.0001
626917,1122,80.0,,,,,,,,2368.660048007965,0.0001
627940,1123,280.0,,,,,,,,2373.333676815033,0.0001
628557,1124,160.0,,,,,,,,2376.1454832553864,0.0001
629126,1125,180.0,,,,,,,,2378.8868606090546,0.0001
629912,1126,200.0,,,,,,,,2382.6390430927277,0.0001
630987,1127,320.0,,,,,,,,2387.526545524597,0.0001
631492,1128,100.0,,,,,,,,2389.7735526561737,0.0001
632074,1129,20.0,,,,,,,,2392.454485177994,0.0001
632667,1130,120.0,,,,,,,,2395.2892684936523,0.0001
633054,1131,20.0,,,,,,,,2397.1357855796814,0.0001
633586,1132,60.0,,,,,,,,2399.62003159523,0.0001
634381,1133,140.0,,,,,,,,2403.4350345134735,0.0001
634923,1134,140.0,,,,,,,,2406.064980506897,0.0001
635834,1135,260.0,,,,,,,,2410.4168770313263,0.0001
636322,1136,20.0,,,,,,,,2412.7519114017487,0.0001
637082,1137,180.0,,,,,,,,2416.4674019813538,0.0001
637674,1138,120.0,,,,,,,,2419.3015882968903,0.0001
638773,1139,260.0,,,,,,,,2424.644429206848,0.0001
639261,1140,100.0,,,,,,,,2427.072414159775,0.0001
640542,1141,360.0,,,,,,,,2433.210530281067,0.0001
641240,1142,120.0,,,,,,,,2436.6239035129547,0.0001
642130,1143,180.0,,,,,,,,2440.874531030655,0.0001
642610,1144,100.0,,,,,,,,2443.103362560272,0.0001
643105,1145,120.0,,,,,,,,2445.477493286133,0.0001
644078,1146,260.0,,,,,,,,2450.1685161590576,0.0001
645022,1147,240.0,,,,,,,,2454.72709941864,0.0001
646196,1148,340.0,,,,,,,,2460.356585264206,0.0001
647223,1149,340.0,,,,,,,,2465.0831682682037,0.0001
647790,1150,120.0,,,,,,,,2467.7124767303467,0.0001
648331,1151,140.0,,,,,,,,2470.2849102020264,0.0001
648759,1152,60.0,,,,,,,,2472.2540848255157,0.0001
649378,1153,120.0,,,,,,,,2475.112373113632,0.0001
650006,1154,100.0,,,,,,,,2478.061292409897,0.0001
650650,1155,140.0,,,,,,,,2481.1096119880676,0.0001
651506,1156,120.0,,,,,,,,2485.1627929210663,0.0001
652178,1157,100.0,,,,,,,,2488.3262820243835,0.0001
652901,1158,80.0,,,,,,,,2491.7224085330963,0.0001
653670,1159,140.0,,,,,,,,2495.369848012924,0.0001
654152,1160,80.0,,,,,,,,2497.6737525463104,0.0001
654687,1161,40.0,,,,,,,,2500.2281472682953,0.0001
655827,1162,340.0,,,,,,,,2505.628975868225,0.0001
657168,1163,380.0,,,,,,,,2511.792704343796,0.0001
657863,1164,160.0,,,,,,,,2514.9889092445374,0.0001
658661,1165,180.0,,,,,,,,2518.602795600891,0.0001
659355,1166,80.0,,,,,,,,2521.7276351451874,0.0001
660641,1167,300.0,,,,,,,,2527.7679817676544,0.0001
661362,1168,140.0,,,,,,,,2531.173838853836,0.0001
662213,1169,260.0,,,,,,,,2535.189846277237,0.0001
662925,1170,200.0,,,,,,,,2538.4220521450043,0.0001
663515,1171,120.0,,,,,,,,2541.1731247901917,0.0001
664156,1172,120.0,,,,,,,,2544.1528990268707,0.0001
664988,1173,100.0,,,,,,,,2548.1114315986633,0.0001
666124,1174,380.0,,,,,,,,2553.4218122959137,0.0001
666832,1175,160.0,,,,,,,,2556.691444158554,0.0001
667836,1176,240.0,,,,,,,,2561.3052785396576,0.0001
668257,1177,60.0,,,,,,,,2563.23486828804,0.0001
669075,1178,160.0,,,,,,,,2566.9666872024536,0.0001
669969,1179,180.0,,,,,,,,2571.0736875534058,0.0001
670452,1180,100.0,,,,,,,,2573.251741886139,0.0001
671153,1181,180.0,,,,,,,,2576.446750164032,0.0001
671649,1182,0.0,,,,,,,,2578.7613797187805,0.0001
672210,1183,100.0,,,,,,,,2581.403533220291,0.0001
672828,1184,100.0,,,,,,,,2584.309311389923,0.0001
673295,1185,100.0,,,,,,,,2586.599390745163,0.0001
673811,1186,100.0,,,,,,,,2589.0920691490173,0.0001
674686,1187,240.0,,,,,,,,2593.2237119674683,0.0001
675497,1188,220.0,,,,,,,,2596.981070280075,0.0001
675847,1189,0.0,,,,,,,,2598.576000928879,0.0001
676721,1190,240.0,,,,,,,,2602.5586636066437,0.0001
677252,1191,60.0,,,,,,,,2605.1209754943848,0.0001
678027,1192,180.0,,,,,,,,2608.787602186203,0.0001
678432,1193,60.0,,,,,,,,2610.6698150634766,0.0001
679252,1194,220.0,,,,,,,,2614.4964685440063,0.0001
680213,1195,260.0,,,,,,,,2619.073586463928,0.0001
680833,1196,140.0,,,,,,,,2621.9699976444244,0.0001
681532,1197,180.0,,,,,,,,2625.3440294265747,0.0001
682005,1198,60.0,,,,,,,,2627.5626962184906,0.0001
682491,1199,40.0,,,,,,,,2629.8842272758484,0.0001
682885,1200,20.0,,,,,,,,2631.774573802948,0.0001
683319,1201,80.0,,,,,,,,2633.8918628692627,0.0001
683913,1202,140.0,,,,,,,,2636.776143312454,0.0001
684774,1203,220.0,,,,,,,,2640.94211268425,0.0001
685339,1204,60.0,,,,,,,,2643.635098218918,0.0001
686134,1205,220.0,,,,,,,,2647.3403902053833,0.0001
686913,1206,220.0,,,,,,,,2651.072438955307,0.0001
687674,1207,240.0,,,,,,,,2654.5005831718445,0.0001
688181,1208,160.0,,,,,,,,2656.8088998794556,0.0001
689091,1209,220.0,,,,,,,,2660.9521996974945,0.0001
690163,1210,300.0,,,,,,,,2665.834208726883,0.0001
690624,1211,40.0,,,,,,,,2667.943769454956,0.0001
691624,1212,180.0,,,,,,,,2672.4638113975525,0.0001
692061,1213,80.0,,,,,,,,2674.470204114914,0.0001
693129,1214,340.0,,,,,,,,2679.298933506012,0.0001
694031,1215,280.0,,,,,,,,2683.3904559612274,0.0001
694433,1216,80.0,,,,,,,,2685.2464826107025,0.0001
694848,1217,60.0,,,,,,,,2687.1528527736664,0.0001
695661,1218,240.0,,,,,,,,2690.920105457306,0.0001
696375,1219,180.0,,,,,,,,2694.180228948593,0.0001
696854,1220,100.0,,,,,,,,2696.367251634598,0.0001
697364,1221,100.0,,,,,,,,2698.7198395729065,0.0001
698210,1222,200.0,,,,,,,,2702.7264523506165,0.0001
698887,1223,120.0,,,,,,,,2705.7958846092224,0.0001
699616,1224,100.0,,,,,,,,2709.1120898723602,0.0001
700390,1225,240.0,,,,,,,,2712.660315990448,0.0001
700983,1226,140.0,,,,,,,,2715.387425661087,0.0001
701567,1227,120.0,,,,,,,,2718.0895948410034,0.0001
702891,1228,400.0,,,,,,,,2724.1937243938446,0.0001
703323,1229,80.0,,,,,,,,2726.1823954582214,0.0001
704249,1230,180.0,,,,,,,,2730.4782514572144,0.0001
705035,1231,160.0,,,,,,,,2734.0973262786865,0.0001
705649,1232,140.0,,,,,,,,2736.9479966163635,0.0001
706077,1233,60.0,,,,,,,,2738.934808731079,0.0001
706875,1234,240.0,,,,,,,,2742.606628894806,0.0001
707980,1235,360.0,,,,,,,,2747.666649580002,0.0001
708465,1236,120.0,,,,,,,,2749.9739372730255,0.0001
708989,1237,160.0,,,,,,,,2752.4127032756805,0.0001
709938,1238,300.0,,,,,,,,2756.7788758277893,0.0001
710862,1239,240.0,,,,,,,,2761.007637500763,0.0001
712318,1240,420.0,,,,,,,,2767.633397579193,0.0001
713398,1241,240.0,,,,,,,,2772.55499124527,0.0001
714740,1242,320.0,,,,,,,,2778.788588285446,0.0001
715181,1243,60.0,,,,,,,,2780.9003324508667,0.0001
716072,1244,200.0,,,,,,,,2785.1040654182434,0.0001
716855,1245,180.0,,,,,,,,2788.8030490875244,0.0001
717485,1246,80.0,,,,,,,,2791.6680245399475,0.0001
718576,1247,280.0,,,,,,,,2796.710060119629,0.0001
719129,1248,120.0,,,,,,,,2799.261992454529,0.0001
719640,1249,120.0,,,,,,,,2801.5140297412872,0.0001
720610,1250,260.0,,,,,,,,2805.785033941269,0.0001
721191,1251,140.0,,,,,,,,2808.4189598560333,0.0001
721866,1252,160.0,,,,,,,,2811.5479867458344,0.0001
722250,1253,60.0,,,,,,,,2813.313669681549,0.0001
723066,1254,220.0,,,,,,,,2817.0330471992493,0.0001
724412,1255,320.0,,,,,,,,2823.1976964473724,0.0001
725047,1256,180.0,,,,,,,,2826.036180496216,0.0001
725896,1257,240.0,,,,,,,,2829.934074640274,0.0001
726399,1258,60.0,,,,,,,,2832.2400348186493,0.0001
727354,1259,240.0,,,,,,,,2836.7045605182648,0.0001
728209,1260,220.0,,,,,,,,2840.6345727443695,0.0001
728914,1261,160.0,,,,,,,,2843.8838210105896,0.0001
729359,1262,100.0,,,,,,,,2846.0125501155853,0.0001
729850,1263,80.0,,,,,,,,2848.329162836075,0.0001
730340,1264,100.0,,,,,,,,2850.654024362564,0.0001
730719,1265,20.0,,,,,,,,2852.4587075710297,0.0001
731348,1266,140.0,,,,,,,,2855.3514592647552,0.0001
732256,1267,220.0,,,,,,,,2859.553695678711,0.0001
733208,1268,200.0,,,,,,,,2864.1579411029816,0.0001
733599,1269,0.0,,,,,,,,2866.026973962784,0.0001
734316,1270,120.0,,,,,,,,2869.443330526352,0.0001
734695,1271,60.0,,,,,,,,2871.2904415130615,0.0001
735523,1272,280.0,,,,,,,,2875.241454601288,0.0001
736386,1273,260.0,,,,,,,,2879.171937942505,0.0001
737604,1274,360.0,,,,,,,,2884.951545238495,0.0001
737966,1275,60.0,,,,,,,,2886.6835145950317,0.0001
738911,1276,280.0,,,,,,,,2891.191980600357,0.0001
739699,1277,220.0,,,,,,,,2894.8928549289703,0.0001
740706,1278,140.0,,,,,,,,2899.675183534622,0.0001
741073,1279,20.0,,,,,,,,2901.3861548900604,0.0001
741965,1280,280.0,,,,,,,,2905.554872751236,0.0001
742939,1281,200.0,,,,,,,,2910.130886077881,0.0001
743806,1282,160.0,,,,,,,,2914.1969091892242,0.0001
744810,1283,260.0,,,,,,,,2918.917978286743,0.0001
745515,1284,180.0,,,,,,,,2922.1719608306885,0.0001
746160,1285,160.0,,,,,,,,2925.1297669410706,0.0001
746583,1286,80.0,,,,,,,,2927.1186323165894,0.0001
747317,1287,200.0,,,,,,,,2930.6602199077606,0.0001
747783,1288,60.0,,,,,,,,2932.8879265785217,0.0001
748283,1289,60.0,,,,,,,,2935.273150920868,0.0001
749227,1290,200.0,,,,,,,,2939.794678926468,0.0001
749691,1291,60.0,,,,,,,,2941.990400791168,0.0001
750183,1292,20.0,,,,,,,,2944.3107895851135,0.0001
750558,1293,20.0,,,,,,,,2946.0603065490723,0.0001
751187,1294,40.0,,,,,,,,2948.928008556366,0.0001
751759,1295,60.0,,,,,,,,2951.595769882202,0.0001
752302,1296,60.0,,,,,,,,2954.1623678207397,0.0001
752809,1297,100.0,,,,,,,,2956.6272644996643,0.0001
753208,1298,60.0,,,,,,,,2958.6212391853333,0.0001
754130,1299,80.0,,,,,,,,2963.052749633789,0.0001
755178,1300,240.0,,,,,,,,2968.1727714538574,0.0001
755795,1301,60.0,,,,,,,,2971.2172360420227,0.0001
756230,1302,20.0,,,,,,,,2973.385885000229,0.0001
756713,1303,60.0,,,,,,,,2975.85342335701,0.0001
757215,1304,100.0,,,,,,,,2978.278952598572,0.0001
757777,1305,40.0,,,,,,,,2980.9956381320953,0.0001
758649,1306,180.0,,,,,,,,2985.119639158249,0.0001
759150,1307,80.0,,,,,,,,2987.500521183014,0.0001
759525,1308,60.0,,,,,,,,2989.3040013313293,0.0001
759978,1309,60.0,,,,,,,,2991.468121290207,0.0001
760425,1310,80.0,,,,,,,,2993.624443769455,0.0001
761886,1311,360.0,,,,,,,,3000.5760016441345,0.0001
762847,1312,260.0,,,,,,,,3005.1684803962708,0.0001
763716,1313,160.0,,,,,,,,3009.3358495235443,0.0001
764234,1314,80.0,,,,,,,,3011.8641705513,0.0001
765152,1315,180.0,,,,,,,,3016.266501188278,0.0001
765827,1316,60.0,,,,,,,,3019.5780527591705,0.0001
766785,1317,220.0,,,,,,,,3024.3086619377136,0.0001
767370,1318,60.0,,,,,,,,3027.113382101059,0.0001
768718,1319,400.0,,,,,,,,3033.5649025440216,0.0001
769673,1320,300.0,,,,,,,,3038.350252866745,0.0001
770205,1321,80.0,,,,,,,,3040.8708448410034,0.0001
771407,1322,320.0,,,,,,,,3046.5125181674957,0.0001
772705,1323,340.0,,,,,,,,3052.4688808918,0.0001
773284,1324,60.0,,,,,,,,3055.2382695674896,0.0001
774321,1325,260.0,,,,,,,,3060.224276781082,0.0001
774763,1326,40.0,,,,,,,,3062.3042345046997,0.0001
775247,1327,80.0,,,,,,,,3064.5887751579285,0.0001
776032,1328,120.0,,,,,,,,3068.32527756691,0.0001
776591,1329,80.0,,,,,,,,3071.05442404747,0.0001
777174,1330,20.0,,,,,,,,3073.8848791122437,0.0001
777836,1331,160.0,,,,,,,,3077.0872554779053,0.0001
778273,1332,60.0,,,,,,,,3079.2102103233337,0.0001
779109,1333,200.0,,,,,,,,3083.35484790802,0.0001
780143,1334,300.0,,,,,,,,3088.4905395507812,0.0001
781078,1335,240.0,,,,,,,,3093.161174058914,0.0001
781612,1336,80.0,,,,,,,,3095.789258003235,0.0001
782650,1337,280.0,,,,,,,,3100.9222252368927,0.0001
783119,1338,120.0,,,,,,,,3103.219088077545,0.0001
783748,1339,80.0,,,,,,,,3106.265086889267,0.0001
784363,1340,20.0,,,,,,,,3109.27969288826,0.0001
784759,1341,40.0,,,,,,,,3111.215661048889,0.0001
785403,1342,120.0,,,,,,,,3114.3543429374695,0.0001
785965,1343,80.0,,,,,,,,3117.134957551956,0.0001
786323,1344,60.0,,,,,,,,3118.8583953380585,0.0001
787036,1345,120.0,,,,,,,,3122.2845754623413,0.0001
787835,1346,200.0,,,,,,,,3126.1185097694397,0.0001
788769,1347,120.0,,,,,,,,3130.6892354488373,0.0001
789909,1348,240.0,,,,,,,,3136.5272738933563,0.0001
791036,1349,240.0,,,,,,,,3142.0312118530273,0.0001
791409,1350,40.0,,,,,,,,3143.8650777339935,0.0001
792129,1351,200.0,,,,,,,,3147.416476726532,0.0001
792777,1352,60.0,,,,,,,,3150.557260990143,0.0001
793481,1353,140.0,,,,,,,,3154.062590122223,0.0001
794097,1354,60.0,,,,,,,,3157.1246042251587,0.0001
794830,1355,180.0,,,,,,,,3160.7134070396423,0.0001
795387,1356,40.0,,,,,,,,3163.5232446193695,0.0001
796235,1357,140.0,,,,,,,,3167.738039970398,0.0001
796993,1358,120.0,,,,,,,,3171.545985221863,0.0001
798246,1359,260.0,,,,,,,,3177.875255584717,0.0001
798919,1360,100.0,,,,,,,,3181.2635309696198,0.0001
800088,1361,220.0,,,,,,,,3187.046446800232,0.0001
800790,1362,140.0,,,,,,,,3190.5764212608337,0.0001
801459,1363,80.0,,,,,,,,3193.951516151428,0.0001
802467,1364,140.0,,,,,,,,3198.9713430404663,0.0001
803023,1365,80.0,,,,,,,,3201.773679256439,0.0001
803546,1366,0.0,,,,,,,,3204.4479830265045,0.0001
804671,1367,160.0,,,,,,,,3210.1129443645477,0.0001
805315,1368,120.0,,,,,,,,3213.276920557022,0.0001
806159,1369,140.0,,,,,,,,3217.3737936019897,0.0001
806770,1370,140.0,,,,,,,,3220.3463456630707,0.0001
807287,1371,80.0,,,,,,,,3222.852730989456,0.0001
807935,1372,120.0,,,,,,,,3226.0197932720184,0.0001
808689,1373,160.0,,,,,,,,3229.6770265102386,0.0001
809286,1374,80.0,,,,,,,,3232.5869586467743,0.0001
809984,1375,80.0,,,,,,,,3235.9847044944763,0.0001
810489,1376,100.0,,,,,,,,3238.493245601654,0.0001
811218,1377,80.0,,,,,,,,3242.1070790290833,0.0001
812342,1378,240.0,,,,,,,,3247.485873222351,0.0001
813031,1379,140.0,,,,,,,,3251.006751060486,0.0001
813597,1380,80.0,,,,,,,,3253.877245903015,0.0001
814679,1381,200.0,,,,,,,,3259.1053564548492,0.0001
815440,1382,80.0,,,,,,,,3262.776982307434,0.0001
816275,1383,60.0,,,,,,,,3266.805745601654,0.0001
816977,1384,0.0,,,,,,,,3270.196590423584,0.0001
817466,1385,0.0,,,,,,,,3272.598947763443,0.0001
818129,1386,100.0,,,,,,,,3275.7902143001556,0.0001
819086,1387,160.0,,,,,,,,3280.462136745453,0.0001
819582,1388,40.0,,,,,,,,3282.9088337421417,0.0001
819978,1389,0.0,,,,,,,,3284.856123447418,0.0001
820527,1390,100.0,,,,,,,,3287.5053465366364,0.0001
822059,1391,180.0,,,,,,,,3294.9194564819336,0.0001
822838,1392,140.0,,,,,,,,3298.6205294132233,0.0001
823784,1393,100.0,,,,,,,,3303.2430760860443,0.0001
824722,1394,180.0,,,,,,,,3307.86447763443,0.0001
826420,1395,380.0,,,,,,,,3315.8901834487915,0.0001
828195,1396,400.0,,,,,,,,3324.6622457504272,0.0001
828945,1397,160.0,,,,,,,,3328.3783526420593,0.0001
830031,1398,280.0,,,,,,,,3333.664468050003,0.0001
830546,1399,60.0,,,,,,,,3336.1323437690735,0.0001
831352,1400,160.0,,,,,,,,3340.0619769096375,0.0001
831908,1401,80.0,,,,,,,,3342.7459111213684,0.0001
833006,1402,220.0,,,,,,,,3348.1244916915894,0.0001
834019,1403,180.0,,,,,,,,3353.011337995529,0.0001
834415,1404,20.0,,,,,,,,3354.9143590927124,0.0001
834982,1405,60.0,,,,,,,,3357.58904504776,0.0001
835670,1406,0.0,,,,,,,,3361.007337808609,0.0001
836812,1407,20.0,,,,,,,,3366.5583577156067,0.0001
837242,1408,40.0,,,,,,,,3368.665206670761,0.0001
837759,1409,80.0,,,,,,,,3371.117718935013,0.0001
838763,1410,140.0,,,,,,,,3375.950394153595,0.0001
839335,1411,140.0,,,,,,,,3378.751933813095,0.0001
839798,1412,60.0,,,,,,,,3381.1142241954803,0.0001
840397,1413,80.0,,,,,,,,3384.2021741867065,0.0001
840968,1414,60.0,,,,,,,,3387.1411118507385,0.0001
841781,1415,160.0,,,,,,,,3391.20867562294,0.0001
842179,1416,40.0,,,,,,,,3393.2228248119354,0.0001
843595,1417,60.0,,,,,,,,3400.227379798889,0.0001
844197,1418,140.0,,,,,,,,3403.2410790920258,0.0001
845375,1419,220.0,,,,,,,,3409.021731853485,0.0001
846465,1420,100.0,,,,,,,,3414.3237130641937,0.0001
847101,1421,120.0,,,,,,,,3417.391530752182,0.0001
847684,1422,80.0,,,,,,,,3420.169816017151,0.0001
848164,1423,80.0,,,,,,,,3422.5424110889435,0.0001
848728,1424,100.0,,,,,,,,3425.2655413150787,0.0001
849947,1425,140.0,,,,,,,,3431.245916366577,0.0001
850644,1426,20.0,,,,,,,,3434.59499669075,0.0001
851147,1427,140.0,,,,,,,,3437.0388345718384,0.0001
852510,1428,200.0,,,,,,,,3443.5851333141327,0.0001
853225,1429,80.0,,,,,,,,3447.113450050354,0.0001
854275,1430,100.0,,,,,,,,3452.28112244606,0.0001
854935,1431,140.0,,,,,,,,3455.551758289337,0.0001
855587,1432,120.0,,,,,,,,3458.683249235153,0.0001
856489,1433,60.0,,,,,,,,3463.108821630478,0.0001
856994,1434,100.0,,,,,,,,3465.63490152359,0.0001
857584,1435,160.0,,,,,,,,3468.548748254776,0.0001
858254,1436,100.0,,,,,,,,3471.8545713424683,0.0001
859016,1437,200.0,,,,,,,,3475.6021513938904,0.0001
860007,1438,280.0,,,,,,,,3480.5404353141785,0.0001
860748,1439,80.0,,,,,,,,3484.179684638977,0.0001
861338,1440,20.0,,,,,,,,3487.1026799678802,0.0001
861885,1441,120.0,,,,,,,,3489.841723203659,0.0001
862490,1442,120.0,,,,,,,,3492.8202192783356,0.0001
863647,1443,40.0,,,,,,,,3498.465497970581,0.0001
864290,1444,120.0,,,,,,,,3501.7207102775574,0.0001
864781,1445,80.0,,,,,,,,3504.225604057312,0.0001
865330,1446,60.0,,,,,,,,3507.0441086292267,0.0001
865775,1447,120.0,,,,,,,,3509.259338617325,0.0001
866362,1448,140.0,,,,,,,,3512.195245027542,0.0001
867617,1449,240.0,,,,,,,,3518.630074262619,0.0001
868208,1450,60.0,,,,,,,,3521.629597902298,0.0001
868918,1451,20.0,,,,,,,,3525.2362253665924,0.0001
869505,1452,20.0,,,,,,,,3528.2186563014984,0.0001
870319,1453,60.0,,,,,,,,3532.3784227371216,0.0001
870995,1454,80.0,,,,,,,,3535.8438005447388,0.0001
871753,1455,40.0,,,,,,,,3539.7593863010406,0.0001
872679,1456,160.0,,,,,,,,3544.327887058258,0.0001
873250,1457,40.0,,,,,,,,3547.068731069565,0.0001
874150,1458,20.0,,,,,,,,3551.340257167816,0.0001
874961,1459,60.0,,,,,,,,3555.0415687561035,0.0001
875773,1460,40.0,,,,,,,,3558.807903766632,0.0001
876747,1461,40.0,,,,,,,,3563.2057180404663,0.0001
877536,1462,20.0,,,,,,,,3566.8217391967773,0.0001
879137,1463,280.0,,,,,,,,3574.101083755493,0.0001
879822,1464,80.0,,,,,,,,3577.241418361664,0.0001
880663,1465,20.0,,,,,,,,3581.191502094269,0.0001
881819,1466,180.0,,,,,,,,3586.6056809425354,0.0001
882459,1467,20.0,,,,,,,,3589.669444322586,0.0001
883007,1468,40.0,,,,,,,,3592.301545381546,0.0001
883617,1469,40.0,,,,,,,,3595.242963075638,0.0001
884864,1470,20.0,,,,,,,,3600.970006465912,0.0001
886478,1471,60.0,,,,,,,,3608.479428052902,0.0001
887482,1472,20.0,,,,,,,,3613.146799325943,0.0001
889501,1473,60.0,,,,,,,,3622.264131784439,0.0001
890498,1474,100.0,,,,,,,,3626.7239005565643,0.0001
891455,1475,20.0,,,,,,,,3630.9406197071075,0.0001
892173,1476,20.0,,,,,,,,3634.037092924118,0.0001
893403,1477,20.0,,,,,,,,3639.529756307602,0.0001
894307,1478,100.0,,,,,,,,3643.495736837387,0.0001
895697,1479,20.0,,,,,,,,3649.8676891326904,0.0001
897117,1480,60.0,,,,,,,,3656.4262487888336,0.0001
898020,1481,120.0,,,,,,,,3660.624526977539,0.0001
899055,1482,80.0,,,,,,,,3665.5357961654663,0.0001
899881,1483,100.0,,,,,,,,3669.347485780716,0.0001
900621,1484,100.0,,,,,,,,3672.755192041397,0.0001
901099,1485,20.0,,,,,,,,3674.950804710388,0.0001
901803,1486,100.0,,,,,,,,3678.2322974205017,0.0001
902558,1487,40.0,,,,,,,,3681.7052903175354,0.0001
903332,1488,0.0,,,,,,,,3685.2846941947937,0.0001
904947,1489,0.0,,,,,,,,3692.648222208023,0.0001
906025,1490,40.0,,,,,,,,3697.5910272598267,0.0001
906735,1491,0.0,,,,,,,,3700.881021499634,0.0001
908316,1492,20.0,,,,,,,,3708.0848383903503,0.0001
909558,1493,0.0,,,,,,,,3713.8160729408264,0.0001
911535,1494,20.0,,,,,,,,3722.815948486328,0.0001
914416,1495,20.0,,,,,,,,3736.143234729767,0.0001
916254,1496,0.0,,,,,,,,3744.542989015579,0.0001
919050,1497,20.0,,,,,,,,3757.4572582244873,0.0001
920735,1498,20.0,,,,,,,,3765.329703092575,0.0001
921984,1499,20.0,,,,,,,,3771.2010641098022,0.0001
922676,1500,100.0,,,,,,,,3774.5623660087585,0.0001
923368,1501,0.0,,,,,,,,3777.830479621887,0.0001
923799,1502,20.0,,,,,,,,3779.8975257873535,0.0001
924880,1503,20.0,,,,,,,,3785.003401994705,0.0001
925434,1504,20.0,,,,,,,,3787.6829404830933,0.0001
926018,1505,20.0,,,,,,,,3790.35244345665,0.0001
927048,1506,0.0,,,,,,,,3795.0833356380463,0.0001
928721,1507,20.0,,,,,,,,3802.706651687622,0.0001
930187,1508,0.0,,,,,,,,3809.423681497574,0.0001
932806,1509,20.0,,,,,,,,3821.546640396118,0.0001
938791,1510,20.0,,,,,,,,3848.982442140579,0.0001
940050,1511,20.0,,,,,,,,3854.7773308753967,0.0001
942547,1512,0.0,,,,,,,,3865.989223718643,0.0001
943709,1513,0.0,,,,,,,,3871.3803594112396,0.0001
946221,1514,20.0,,,,,,,,3883.255067586899,0.0001
948479,1515,0.0,,,,,,,,3893.99019575119,0.0001
948961,1516,60.0,,,,,,,,3896.3343868255615,0.0001
949875,1517,120.0,,,,,,,,3900.6484463214874,0.0001
950624,1518,20.0,,,,,,,,3904.220360517502,0.0001
951995,1519,40.0,,,,,,,,3910.795478582382,0.0001
953482,1520,100.0,,,,,,,,3917.76375412941,0.0001
954542,1521,0.0,,,,,,,,3922.656324148178,0.0001
956071,1522,60.0,,,,,,,,3929.6639688014984,0.0001
957262,1523,80.0,,,,,,,,3934.9700734615326,0.0001
960440,1524,0.0,,,,,,,,3949.1360642910004,0.0001
961461,1525,40.0,,,,,,,,3953.8067693710327,0.0001
965825,1526,0.0,,,,,,,,3973.984930038452,0.0001
969880,1527,20.0,,,,,,,,3992.5519285202026,0.0001
971817,1528,40.0,,,,,,,,4001.4083099365234,0.0001
974500,1529,0.0,,,,,,,,4013.6461267471313,0.0001
975825,1530,20.0,,,,,,,,4019.8983414173126,0.0001
977074,1531,0.0,,,,,,,,4025.751503944397,0.0001
978199,1532,40.0,,,,,,,,4031.002452850342,0.0001
979921,1533,0.0,,,,,,,,4039.1505270004272,0.0001
980728,1534,100.0,,,,,,,,4043.076610326767,0.0001
981335,1535,40.0,,,,,,,,4045.8102254867554,0.0001
982470,1536,20.0,,,,,,,,4051.002606868744,0.0001
983300,1537,180.0,,,,,,,,4054.901670694351,0.0001
984450,1538,0.0,,,,,,,,4060.131470680237,0.0001
985513,1539,0.0,,,,,,,,4065.0135979652405,0.0001
989652,1540,0.0,,,,,,,,4084.925243139267,0.0001
990566,1541,60.0,,,,,,,,4089.3430342674255,0.0001
992557,1542,20.0,,,,,,,,4098.146522521973,0.0001
998313,1543,60.0,,,,,,,,4122.302182674408,0.0001
1000634,1544,20.0,,,,,,,,4131.697112321854,0.0001
1001797,1545,60.0,,,,,,,,4136.366641044617,0.0001
1008640,1546,20.0,,,,,,,,4164.696377515793,0.0001
1009309,1547,20.0,,,,,,,,4167.507554769516,0.0001
1010675,1548,60.0,,,,,,,,4173.153078794479,0.0001
1011536,1549,120.0,,,,,,,,4176.857018232346,0.0001
1011999,1550,0.0,,,,,,,,4178.75440788269,0.0001
1014863,1551,0.0,,,,,,,,4190.876905202866,0.0001
1018952,1552,40.0,,,,,,,,4207.771000385284,0.0001
1024639,1553,0.0,,,,,,,,4231.6356773376465,0.0001
1029516,1554,0.0,,,,,,,,4251.033745288849,0.0001
1033048,1555,20.0,,,,,,,,4265.333770990372,0.0001
1042639,1556,60.0,,,,,,,,4304.851185560226,0.0001
1045358,1557,40.0,,,,,,,,4315.840642690659,0.0001
1050413,1558,20.0,,,,,,,,4336.410720586777,0.0001
1052396,1559,0.0,,,,,,,,4344.399902582169,0.0001
1056495,1560,0.0,,,,,,,,4361.0319056510925,0.0001
1061798,1561,0.0,,,,,,,,4383.024176359177,0.0001
1065120,1562,20.0,,,,,,,,4396.675671577454,0.0001
1068265,1563,0.0,,,,,,,,4409.982776880264,0.0001
1071831,1564,20.0,,,,,,,,4424.798037528992,0.0001
1077169,1565,0.0,,,,,,,,4446.680951356888,0.0001
1090772,1566,60.0,,,,,,,,4502.679039239883,0.0001
1092760,1567,20.0,,,,,,,,4510.820141792297,0.0001
1095279,1568,80.0,,,,,,,,4521.321151971817,0.0001
1099492,1569,120.0,,,,,,,,4538.515346765518,0.0001
1109262,1570,20.0,,,,,,,,4578.733718395233,0.0001
1117426,1571,20.0,,,,,,,,4610.734435796738,0.0001
1119001,1572,0.0,,,,,,,,4616.2675750255585,0.0001
1119475,1573,20.0,,,,,,,,4618.115224123001,0.0001
1126690,1574,120.0,,,,,,,,4646.482667684555,0.0001
1130166,1575,160.0,,,,,,,,4659.530958890915,0.0001
1133357,1576,120.0,,,,,,,,4671.492046356201,0.0001
1138188,1577,220.0,,,,,,,,4690.2022314071655,0.0001
1147489,1578,220.0,,,,,,,,4726.486902952194,0.0001
1157323,1579,140.0,,,,,,,,4764.191555738449,0.0001
1158749,1580,120.0,,,,,,,,4769.520464897156,0.0001
1159610,1581,100.0,,,,,,,,4772.758364439011,0.0001
1161472,1582,200.0,,,,,,,,4779.698803663254,0.0001
1162535,1583,180.0,,,,,,,,4783.729216337204,0.0001
1163441,1584,140.0,,,,,,,,4787.1690509319305,0.0001
1164199,1585,140.0,,,,,,,,4790.040921926498,0.0001
1166157,1586,180.0,,,,,,,,4797.417911052704,0.0001
1172938,1587,100.0,,,,,,,,4823.966050386429,0.0001
1174073,1588,120.0,,,,,,,,4828.356032133102,0.0001
1182168,1589,100.0,,,,,,,,4859.8410551548,0.0001
1186604,1590,40.0,,,,,,,,4876.741379499435,0.0001
1192127,1591,80.0,,,,,,,,4897.215282678604,0.0001
1193649,1592,60.0,,,,,,,,4902.972286224365,0.0001
1202094,1593,100.0,,,,,,,,4935.379662275314,0.0001
1211031,1594,60.0,,,,,,,,4971.46883225441,0.0001
1220098,1595,80.0,,,,,,,,5006.233554601669,0.0001
1228517,1596,40.0,,,,,,,,5038.207888126373,0.0001
1231562,1597,80.0,,,,,,,,5050.194350719452,0.0001
1241603,1598,180.0,,,,,,,,5089.580819129944,0.0001
1247311,1599,40.0,,,,,,,,5112.354279756546,0.0001
1252633,1600,200.0,,,,,,,,5133.36420583725,0.0001
1261901,1601,80.0,,,,,,,,5168.771101236343,0.0001
1263101,1602,160.0,,,,,,,,5173.279190540314,0.0001
1267857,1603,160.0,,,,,,,,5191.9427671432495,0.0001
1269961,1604,100.0,,,,,,,,5199.794156074524,0.0001
1270857,1605,120.0,,,,,,,,5203.140570640564,0.0001
1292376,1606,60.0,,,,,,,,5288.054733037949,0.0001
1297815,1607,180.0,,,,,,,,5309.381103754044,0.0001
1301717,1608,140.0,,,,,,,,5324.9702570438385,0.0001
1308540,1609,80.0,,,,,,,,5351.148073196411,0.0001
1309673,1610,180.0,,,,,,,,5355.412829875946,0.0001
1314767,1611,120.0,,,,,,,,5375.494647026062,0.0001
1315653,1612,180.0,,,,,,,,5378.989845275879,0.0001
1328378,1613,160.0,,,,,,,,5427.115149021149,0.0001
1351528,1614,20.0,,,,,,,,5513.738647699356,0.0001
1357534,1615,20.0,,,,,,,,5536.137252092361,0.0001
1362928,1616,60.0,,,,,,,,5556.455403089523,0.0001
1366670,1617,60.0,,,,,,,,5570.59077501297,0.0001
1375823,1618,80.0,,,,,,,,5604.9544513225555,0.0001
1380068,1619,80.0,,,,,,,,5621.421741485596,0.0001
1388206,1620,220.0,,,,,,,,5650.291362047195,0.0001
1389756,1621,160.0,,,,,,,,5656.201489210129,0.0001
1392988,1622,20.0,,,,,,,,5668.76701259613,0.0001
1396804,1623,100.0,,,,,,,,5683.497136592865,0.0001
1408554,1624,80.0,,,,,,,,5728.467292308807,0.0001
1409787,1625,120.0,,,,,,,,5733.404186487198,0.0001
1414679,1626,260.0,,,,,,,,5752.700876951218,0.0001
1415644,1627,80.0,,,,,,,,5756.385984182358,0.0001
1416211,1628,80.0,,,,,,,,5758.559802770615,0.0001
1416651,1629,20.0,,,,,,,,5760.2342920303345,0.0001
1417169,1630,40.0,,,,,,,,5762.22602391243,0.0001
1417726,1631,20.0,,,,,,,,5764.330013751984,0.0001
1419830,1632,20.0,,,,,,,,5772.599542140961,0.0001
1420922,1633,80.0,,,,,,,,5776.757992506027,0.0001
1422310,1634,40.0,,,,,,,,5782.100424528122,0.0001
1423495,1635,120.0,,,,,,,,5786.868532419205,0.0001
1424063,1636,100.0,,,,,,,,5789.169956922531,0.0001
1424749,1637,80.0,,,,,,,,5792.0380918979645,0.0001
1426105,1638,100.0,,,,,,,,5797.570175647736,0.0001
1427634,1639,60.0,,,,,,,,5803.781836509705,0.0001
1428847,1640,40.0,,,,,,,,5808.658779859543,0.0001
1431417,1641,120.0,,,,,,,,5818.831078529358,0.0001
1432288,1642,20.0,,,,,,,,5822.448040485382,0.0001
1435354,1643,100.0,,,,,,,,5834.681148052216,0.0001
1436471,1644,140.0,,,,,,,,5839.343393325806,0.0001
1437102,1645,140.0,,,,,,,,5841.870974063873,0.0001
1445345,1646,60.0,,,,,,,,5874.8414216041565,0.0001
1447079,1647,80.0,,,,,,,,5881.910551786423,0.0001
1449575,1648,80.0,,,,,,,,5892.386064529419,0.0001
1451856,1649,100.0,,,,,,,,5901.517055749893,0.0001
1453334,1650,40.0,,,,,,,,5907.338504314423,0.0001
1454663,1651,20.0,,,,,,,,5912.5484137535095,0.0001
1455835,1652,80.0,,,,,,,,5917.047837972641,0.0001
1460480,1653,0.0,,,,,,,,5935.525233745575,0.0001
1461822,1654,200.0,,,,,,,,5940.794476032257,0.0001
1463423,1655,120.0,,,,,,,,5947.147986412048,0.0001
1464018,1656,80.0,,,,,,,,5949.647458791733,0.0001
1465673,1657,20.0,,,,,,,,5956.521049499512,0.0001
1466619,1658,20.0,,,,,,,,5960.292028903961,0.0001
1467280,1659,60.0,,,,,,,,5962.898970127106,0.0001
1476629,1660,160.0,,,,,,,,6000.682928085327,0.0001
1482557,1661,20.0,,,,,,,,6024.931345939636,0.0001
1498808,1662,20.0,,,,,,,,6089.981777667999,0.0001
1504574,1663,60.0,,,,,,,,6113.659887075424,0.0001
1513075,1664,100.0,,,,,,,,6147.316180229187,0.0001
1515593,1665,20.0,,,,,,,,6157.267179727554,0.0001
1534165,1666,20.0,,,,,,,,6232.74516415596,0.0001
1540325,1667,20.0,,,,,,,,6257.403077840805,0.0001
1549073,1668,40.0,,,,,,,,6292.796584606171,0.0001
1552446,1669,60.0,,,,,,,,6306.349278926849,0.0001
1554705,1670,60.0,,,,,,,,6315.458026647568,0.0001
1556714,1671,80.0,,,,,,,,6323.674258947372,0.0001
1562528,1672,140.0,,,,,,,,6347.4571368694305,0.0001
1568926,1673,40.0,,,,,,,,6373.548730373383,0.0001
1573623,1674,280.0,,,,,,,,6392.988945484161,0.0001
1579043,1675,160.0,,,,,,,,6415.1638832092285,0.0001
1580027,1676,140.0,,,,,,,,6419.249565124512,0.0001
1585761,1677,120.0,,,,,,,,6442.9367089271545,0.0001
1586862,1678,100.0,,,,,,,,6447.369760990143,0.0001
1587894,1679,140.0,,,,,,,,6451.548931360245,0.0001
1589231,1680,20.0,,,,,,,,6457.192529678345,0.0001
1593176,1681,120.0,,,,,,,,6473.774748802185,0.0001
1593875,1682,60.0,,,,,,,,6476.676866054535,0.0001
1594783,1683,200.0,,,,,,,,6480.398053646088,0.0001
1603395,1684,60.0,,,,,,,,6515.626227378845,0.0001
1608227,1685,0.0,,,,,,,,6535.30561542511,0.0001
1612866,1686,120.0,,,,,,,,6554.033514738083,0.0001
1614431,1687,140.0,,,,,,,,6560.596140861511,0.0001
1617216,1688,20.0,,,,,,,,6572.316395044327,0.0001
1619076,1689,280.0,,,,,,,,6580.247067928314,0.0001
1622582,1690,300.0,,,,,,,,6595.17831492424,0.0001
1649573,1691,80.0,,,,,,,,6705.794823408127,0.0001
